   Compiling jr v0.7.0-dev.7 (/Users/zious/Documents/GITHUB/jira-cli)
    Finished `test` profile [unoptimized + debuginfo] target(s) in 11m 19s
     Running unittests src/lib.rs (target/debug/deps/jr-4250bcafccde324f)

running 1546 tests
test adf::tests::prop_bc_7_2_019_mention_junk_attrs_values_never_panic ... ok
test adf::tests::prop_bc_no_mentions_emits_zero_mention_nodes_at_name ... ok
test adf::tests::prop_bc_7_2_016_bare_wrapper_matches_with_mentions_empty ... ok
test adf::tests::prop_bc_7_2_016_no_raw_newline_in_text_nodes_with_mentions ... ok
test adf::tests::test_adf_roundtrip_heading ... ok
test adf::tests::prop_bc_7_2_019_mention_never_panics_at_any_inline_position ... ok
test adf::tests::prop_bc_no_mentions_emits_zero_mention_nodes_bracket ... ok
test adf::tests::test_adf_structural_validity_task_list_corpus ... ok
test adf::tests::prop_bc_7_2_018_at_name_detection_grammar ... ok
test adf::tests::test_adf_structural_validity_comprehensive_corpus ... ok
test adf::tests::prop_bc_7_2_018_at_name_no_candidate_contains_slash_or_whitespace ... ok
test adf::tests::test_adf_to_text_empty_doc ... ok
test adf::tests::test_adf_to_text_external_lowercase_state ... ok
test adf::tests::test_adf_to_text_normal_depth_is_ok ... ok
test adf::tests::test_adf_to_text_paragraph ... ok
test adf::tests::prop_bc_7_2_018_at_name_no_candidate_ends_in_trim_chars ... ok
test adf::tests::test_alert_markdown_to_text_roundtrip_all_kinds ... ok
test adf::tests::prop_bc_7_2_016_bracket_form_emits_single_mention_id_verbatim ... ok
test adf::tests::test_autolink_bare_urls_depth_increment_kills_mutant ... ok
test adf::tests::test_bare_http_url_becomes_link_mark ... ok
test adf::tests::test_bare_email_stays_plain_text ... ok
test adf::tests::test_bare_https_url_becomes_link_mark ... ok
test adf::tests::test_bare_url_after_open_bracket_stays_plain_text ... ok
test adf::tests::test_bare_url_balanced_inner_parens_kept ... ok
test adf::tests::test_bare_url_in_panel_is_linkified ... ok
test adf::tests::test_bare_url_in_table_cell_is_linkified ... ok
test adf::tests::test_bare_url_round_trips_to_markdown_link_text ... ok
test adf::tests::test_bare_url_inside_emphasis_keeps_em_and_link ... ok
test adf::tests::test_bare_url_split_by_emphasis_links_only_leading_run ... ok
test adf::tests::test_bare_url_trailing_colon_is_trimmed ... ok
test adf::tests::test_bare_url_trailing_period_is_trimmed ... ok
test adf::tests::test_bare_url_with_port_is_preserved ... ok
test adf::tests::test_bare_url_wrapping_paren_not_captured ... ok
test adf::tests::test_bc_7_2_004_emoji_inlinecard_media_still_dropped_after_mention_arm ... ok
test adf::tests::test_bc_7_2_015_alert_wrapper_strong_code_stripped ... ok
test adf::tests::test_bc_7_2_015_em_stripped_from_code_node ... ok
test adf::tests::test_bc_7_2_015_link_preserved_on_code_node ... ok
test adf::tests::test_bc_7_2_015_mixed_range_surrounding_marks_retained ... ok
test adf::tests::test_bc_7_2_015_multi_mark_wrapper_only_code_node_stripped ... ok
test adf::tests::test_bc_7_2_015_plain_code_baseline ... ok
test adf::tests::test_bc_7_2_015_strike_stripped_from_code_node ... ok
test adf::tests::test_bc_7_2_015_strong_stripped_from_code_node ... ok
test adf::tests::test_bc_7_2_015_subsup_stripped_from_code_node ... ok
test adf::tests::test_bc_7_2_016_assign_local_ids_runs_last_task_list_ids_unaffected_by_mentions ... ok
test adf::tests::test_bc_7_2_016_backslash_at_inside_code_span_stays_literal_backslash ... ok
test adf::tests::test_bc_7_2_016_bare_markdown_to_adf_converts_bracket_form_for_free ... ok
test adf::tests::test_bc_7_2_016_bare_markdown_to_adf_at_name_stays_inert ... ok
test adf::tests::test_bc_7_2_016_bracket_candidates_reported_by_find_mention_candidates ... ok
test adf::tests::test_bc_7_2_016_bracket_form_emits_single_mention_id_verbatim ... ok
test adf::tests::test_bc_7_2_016_bracket_form_id_preserves_colon_and_hyphen_verbatim ... ok
test adf::tests::test_bc_7_2_016_bracket_form_nested_inside_paragraph ... ok
test adf::tests::test_bc_7_2_016_consecutive_bracket_mentions_no_separator_both_convert ... ok
test adf::tests::test_bc_7_2_016_ec4_inside_link_text_still_converts ... ok
test adf::tests::test_bc_7_2_016_ec5_bold_wrapped_bracket_mention_carries_no_marks ... ok
test adf::tests::test_bc_7_2_016_ec6_reference_link_collision_resolves_as_link_not_mention ... ok
test adf::tests::test_bc_7_2_016_inside_inline_code_never_converted ... ok
test adf::tests::test_bc_7_2_016_inside_fenced_code_block_never_converted ... ok
test adf::tests::test_bc_7_2_016_low3_residual_full_reference_link_label_eagerly_converts_to_mention ... ok
test adf::tests::test_bc_7_2_016_low4_full_reference_link_exact_text_resolves_as_link_not_mention ... ok
test adf::tests::test_bc_7_2_016_low4_inline_link_exact_text_resolves_as_link_not_mention ... ok
test adf::tests::test_bc_7_2_016_malformed_bracket_not_a_candidate ... ok
test adf::tests::test_bc_7_2_016_mid_word_bracket_start_rejected ... ok
test adf::tests::test_bc_7_2_017_at_name_resolved_emits_id_and_at_prefixed_text ... ok
test adf::tests::test_bc_7_2_017_attrs_text_never_contains_raw_newline ... ok
test adf::tests::test_bc_7_2_017_bracket_form_resolved_populates_attrs_text ... ok
test adf::tests::test_bc_7_2_017_ec2_bracket_unvalidated_omits_attrs_text_key ... ok
test adf::tests::test_bc_7_2_017_ec4_display_name_already_at_prefixed_no_double_at ... ok
test adf::tests::test_bc_7_2_017_no_resolution_entry_omits_attrs_text_via_with_mentions_too ... ok
test adf::tests::test_bc_7_2_017_pathological_multi_at_display_name_normalizes_to_single_at ... ok
test adf::tests::test_bc_7_2_018_at_name_boundary_and_charset_examples ... ok
test adf::tests::test_bc_7_2_018_at_name_skip_code_never_a_candidate ... ok
test adf::tests::test_bc_7_2_018_backslash_escaped_at_name_is_not_a_candidate ... ok
test adf::tests::test_bc_7_2_018_double_backslash_at_name_is_genuine_mention ... ok
test adf::tests::test_bc_7_2_018_ec3_java_annotation_prose_is_a_genuine_candidate ... ok
test adf::tests::test_bc_7_2_018_ec4_slack_broadcast_tokens_are_candidates ... ok
test adf::tests::test_bc_7_2_018_ec5_italic_wrapped_at_name_mention_carries_no_marks ... ok
test adf::tests::test_bc_7_2_018_ec6_at_name_inside_link_text_still_a_candidate ... ok
test adf::tests::test_bc_7_2_018_multi_word_display_name_only_first_token_is_candidate ... ok
test adf::tests::test_bc_7_2_018_odd_backslash_escape_wins_over_resolvable_candidate ... ok
test adf::tests::test_bc_7_2_019_mention_render_fallback_precedence ... ok
test adf::tests::test_block_html_all_empty_block_emits_no_paragraph ... ok
test adf::tests::test_block_html_bare_url_gets_link_mark ... ok
test adf::tests::test_block_html_comment_only_behavior ... ok
test adf::tests::test_block_html_consecutive_blank_lines_produce_double_hardbreak ... ok
test adf::tests::test_block_html_crlf_interior_no_dangling_cr ... ok
test adf::tests::test_block_html_interior_line_url_split_preserves_hardbreaks ... ok
test adf::tests::test_block_html_leading_blank_line_no_leading_hardbreak ... ok
test adf::tests::test_block_html_lone_cr_interior_produces_single_hardbreak ... ok
test adf::tests::test_block_html_plain_text_interior_lines_preserved_in_one_paragraph ... ok
test adf::tests::test_block_html_round_trips_through_adf_to_text ... ok
test adf::tests::test_block_html_trailing_whitespace_final_line_not_byte_identical ... ok
test adf::tests::test_block_in_loose_task_item_blockquote_hoisted ... ok
test adf::tests::test_block_in_loose_task_item_code_block_hoisted ... ok
test adf::tests::test_block_in_tight_task_item_blockquote_hoisted ... ok
test adf::tests::test_bracket_form_at_start_of_line_with_no_matching_ref_def_stays_literal ... ok
test adf::tests::test_bracket_guard_block_preexisting_pua_is_accepted_one_level_residual ... ok
test adf::tests::test_convert_block_html_is_preserved_as_literal_text ... ok
test adf::tests::test_convert_hard_break_inside_mark_span_preserves_mark_and_break ... ok
test adf::tests::test_convert_multiline_block_html_preserves_interior_newlines ... ok
test adf::tests::test_convert_nested_ordered_list_produces_inner_ordered_list ... ok
test adf::tests::test_empty_outer_ordered_task_with_nested_ordered_task_is_valid ... ok
test adf::tests::test_empty_outer_ordered_task_with_nested_plain_list_is_valid ... ok
test adf::tests::test_empty_outer_ordered_task_with_nested_task_list_is_valid ... ok
test adf::tests::test_empty_task_body_with_nested_plain_list_survives ... ok
test adf::tests::test_empty_task_body_with_nested_task_list_survives ... ok
test adf::tests::test_adf_to_text_snapshot ... ok
test adf::tests::test_empty_task_item_pruned ... ok
test adf::tests::test_empty_task_list_pruned ... ok
test adf::tests::test_adf_to_text_deepest_node_at_256_is_err_boundary_exact ... ok
test adf::tests::test_f_m1_adjacent_bracket_mentions_still_both_convert_regression ... ok
test adf::tests::test_f_m1_at_name_after_bracket_close_is_not_a_candidate ... ok
test adf::tests::test_existing_markdown_link_not_double_linkified ... ok
test adf::tests::test_f_m1_at_name_after_sanctioned_boundaries_still_detected ... ok
test adf::tests::test_find_mention_candidates_deterministic_across_calls ... ok
test adf::tests::test_flatten_table_non_paragraph_cell_block_renders_as_plain_text ... ok
test adf::tests::test_footnote_reference_and_definition_are_discrete_unmarked_text_nodes ... ok
test adf::tests::test_hardbreak_only_task_item_pruned ... ok
test adf::tests::test_is_empty_block_container_membership ... ok
test adf::tests::test_loose_task_item_with_nested_sublist_preserves_order ... ok
test adf::tests::test_loose_task_item_with_nested_task_sublist_preserves_order ... ok
test adf::tests::test_markdown_alert_caution_maps_to_panel_error ... ok
test adf::tests::test_markdown_alert_heading_child_has_no_marks ... ok
test adf::tests::test_malformed_task_markers_stay_literal_text ... ok
test adf::tests::test_markdown_alert_in_listitem_unwraps_panel ... ok
test adf::tests::test_markdown_alert_important_maps_to_panel_note ... ok
test adf::tests::test_markdown_alert_marker_with_trailing_text_stays_literal_blockquote ... ok
test adf::tests::test_markdown_alert_marker_without_leading_space_still_panel ... ok
test adf::tests::test_markdown_alert_marker_case_insensitive_still_panel ... ok
test adf::tests::test_markdown_alert_note_maps_to_panel_info ... ok
test adf::tests::test_markdown_alert_tip_maps_to_panel_success ... ok
test adf::tests::test_adf_to_text_depth_256_is_err ... ok
test adf::tests::test_markdown_alert_warning_maps_to_panel_warning ... ok
test adf::tests::test_markdown_blockquote_inside_list_item_is_unwrapped_to_paragraph ... ok
test adf::tests::test_markdown_bare_heading_pruned_no_empty_container ... ok
test adf::tests::test_markdown_alert_with_table_flattens_to_paragraphs ... ok
test adf::tests::test_markdown_blockquote_with_heading_inside_list_item_normalizes_recursively ... ok
test adf::tests::test_markdown_blockquote_wraps_children ... ok
test adf::tests::prop_bc_7_2_016_bracket_form_start_after_whitespace_or_open_punct ... ok
test adf::tests::test_markdown_bold_to_strong_mark ... ok
test adf::tests::test_markdown_code_block ... ok
test adf::tests::test_markdown_code_block_with_language ... ok
test adf::tests::test_markdown_codeblock_inside_list_item_passes_through ... ok
test adf::tests::test_markdown_double_tilde_still_strikethrough_not_subscript ... ok
test adf::tests::test_markdown_empty_alert_pruned ... ok
test adf::tests::test_markdown_empty_input ... ok
test adf::tests::test_markdown_escape_literal_asterisk ... ok
test adf::tests::test_markdown_footnote_definition_appended_after_rule_with_label ... ok
test adf::tests::test_markdown_footnote_definition_not_stray_broken_paragraph ... ok
test adf::tests::test_markdown_footnote_definition_in_list_no_empty_container ... ok
test adf::tests::test_markdown_footnote_definition_in_blockquote_no_empty_container ... ok
test adf::tests::test_markdown_footnote_definition_body_list_preserved ... ok
test adf::tests::test_markdown_footnote_duplicate_definition_kept_once ... ok
test adf::tests::test_markdown_footnote_no_double_rule_when_body_ends_with_rule ... ok
test adf::tests::test_markdown_footnote_only_document_has_no_leading_rule ... ok
test adf::tests::test_markdown_footnote_reference_renders_marker_not_literal_caret ... ok
test adf::tests::test_markdown_footnote_reference_marker_does_not_inherit_marks ... ok
test adf::tests::test_markdown_footnote_undefined_reference_stays_literal_no_section ... ok
test adf::tests::test_markdown_hard_break ... ok
test adf::tests::test_markdown_heading ... ok
test adf::tests::test_markdown_heading_attributes_stripped ... ok
test adf::tests::test_markdown_heading_inside_list_item_becomes_paragraph ... ok
test adf::tests::test_markdown_heading_inside_list_item_preserves_inline_marks ... ok
test adf::tests::test_markdown_heading_non_attribute_brace_stripped ... ok
test adf::tests::test_markdown_horizontal_rule ... ok
test adf::tests::test_markdown_image_alt_text_is_dropped_by_sink_guard ... ok
test adf::tests::test_markdown_inline_code_mark_and_composition ... ok
test adf::tests::test_markdown_image_is_skipped ... ok
test adf::tests::test_markdown_inline_html_becomes_literal_text ... ok
test adf::tests::test_markdown_intraword_superscript_stays_literal ... ok
test adf::tests::test_markdown_italic_to_em_mark ... ok
test adf::tests::test_markdown_link_preserves_href_and_title ... ok
test adf::tests::test_markdown_link_preserves_href_and_no_title ... ok
test adf::tests::test_markdown_list ... ok
test adf::tests::test_markdown_mixed_marks ... ok
test adf::tests::test_markdown_mixed_task_plain_list_promotes_container ... ok
test adf::tests::test_markdown_nested_alert_unwraps_inner_panel ... ok
test adf::tests::test_markdown_nested_bullet_list ... ok
test adf::tests::test_markdown_multiple_footnotes_share_single_divider ... ok
test adf::tests::test_markdown_nested_sub_in_sup_dedupes_subsup_mark ... ok
test adf::tests::test_markdown_multiline_inline_html_holds_inv1 ... ok
test adf::tests::test_markdown_nested_sub_in_sup_keeps_outer_sup ... ok
test adf::tests::test_markdown_ordered_list_omits_order_when_start_is_one ... ok
test adf::tests::test_markdown_ordered_list_sets_order_when_start_is_not_one ... ok
test adf::tests::test_markdown_ordered_list_inside_list_item_passes_through ... ok
test adf::tests::test_markdown_ordered_task_list_mixed_promotes_plain_to_todo ... ok
test adf::tests::test_markdown_plain_blockquote_unchanged ... ok
test adf::tests::test_markdown_ordered_task_list_produces_task_list_not_ordered_list ... ok
test adf::tests::test_markdown_ordered_task_list_nested_produces_nested_task_list ... ok
test adf::tests::test_markdown_rule_inside_list_item_is_dropped ... ok
test adf::tests::test_markdown_plain_ordered_list_unchanged_without_task_markers ... ok
test adf::tests::test_markdown_rule_only_list_item_yields_empty_paragraph ... ok
test adf::tests::test_markdown_soft_break_becomes_space ... ok
test adf::tests::test_markdown_strike_sub_sup_coexist ... ok
test adf::tests::test_markdown_strikethrough_to_strike_mark ... ok
test adf::tests::test_markdown_superscript_no_mark_leak_to_trailing_text ... ok
test adf::tests::test_markdown_subscript_to_subsup_sub ... ok
test adf::tests::test_markdown_superscript_to_subsup_sup ... ok
test adf::tests::test_markdown_table_cell_with_inline_formatting ... ok
test adf::tests::test_markdown_table_cells_and_headers ... ok
test adf::tests::test_markdown_task_checked_item_emits_done_state ... ok
test adf::tests::test_markdown_task_list_emits_task_list_node ... ok
test adf::tests::test_markdown_table_inside_list_item_flattens_to_paragraphs ... ok
test adf::tests::test_markdown_task_item_inline_marks_preserved ... ok
test adf::tests::test_markdown_task_uppercase_x_emits_done_state ... ok
test adf::tests::test_adf_to_text_depth_255_is_ok ... ok
test adf::tests::prop_bc_7_2_015_no_code_marked_text_node_carries_typographic_marks ... ok
test adf::tests::test_adf_to_text_depth_257_is_err ... ok
test adf::tests::test_markdown_to_adf_normal_depth_is_ok ... ok
test adf::tests::test_markdown_to_adf_snapshot ... ok
test adf::tests::test_markdown_to_adf_to_text_roundtrip ... ok
test adf::tests::test_bc_7_2_016_mention_pass_respects_max_adf_depth ... ok
test adf::tests::test_markdown_unknown_alert_kind_stays_literal_blockquote ... ok
test adf::tests::test_max_adf_depth_constant_is_256 ... ok
test adf::tests::test_mention_resolutions_at_name_entry_does_not_leak_into_bracket_lookup ... ok
test adf::tests::test_mention_resolutions_bracket_entry_does_not_leak_into_at_name_lookup ... ok
test adf::tests::test_mention_resolutions_public_inserters_populate_both_namespaces ... ok
test adf::tests::test_mixed_case_scheme_is_linkified_and_path_case_preserved ... ok
test adf::tests::test_mixed_task_empty_promoted_plain_item_is_pruned ... ok
test adf::tests::test_mixed_task_nonempty_promoted_plain_item_survives ... ok
test adf::tests::test_mixed_task_plain_list_nested_sublist_under_plain_item_preserved ... ok
test adf::tests::test_multiline_block_html_round_trips_through_adf_to_text ... ok
test adf::tests::test_nested_task_list_preserved ... ok
test adf::tests::test_no_mentions_at_name_stays_literal_zero_mention_nodes ... ok
test adf::tests::test_no_mentions_native_backslash_escape_handling_unaffected ... ok
test adf::tests::test_no_mentions_bracket_form_stays_literal_zero_mention_nodes ... ok
test adf::tests::test_no_mentions_pre_existing_pua_sentinel_passes_through_untouched ... ok
test adf::tests::test_no_mentions_vs_default_bracket_is_differential ... ok
test adf::tests::test_no_temp_underscore_keys_in_adf_output ... ok
test adf::tests::test_normalize_list_item_content_depth_increment_kills_mutant ... ok
test adf::tests::test_normalize_list_item_content_tasklist_depth_increment_kills_mutant ... ok
test adf::tests::test_normalize_blockquote_content_depth_increment_kills_mutant ... ok
test adf::tests::test_normalize_panel_content_depth_increment_kills_mutant ... ok
test adf::tests::test_normalize_panel_content_strips_paragraph_marks ... ok
test adf::tests::test_order_preserving_hoist_empty_task_then_plain_then_real_task ... ok
test adf::tests::test_order_preserving_hoist_empty_task_two_nested_task_items ... ok
test adf::tests::test_order_preserving_hoist_real_task_then_empty_then_real_task ... ok
test adf::tests::test_order_preserving_hoist_real_task_then_empty_with_nested_task ... ok
test adf::tests::test_panel_content_only_permitted_node_types ... ok
test adf::tests::test_plain_outer_item_with_multi_level_nested_ordered_task_list_is_valid ... ok
test adf::tests::test_plain_outer_item_with_multi_level_nested_task_list_is_valid ... ok
test adf::tests::test_pre_existing_bracket_sentinel_pua_survives_full_round_trip_no_fabricated_mention ... ok
test adf::tests::test_find_mention_candidates_respects_max_adf_depth ... ok
test adf::tests::test_pre_existing_pua_sentinel_survives_full_round_trip ... ok
test adf::tests::test_push_code_normalizes_bare_lf_to_space ... ok
test adf::tests::test_push_text_codeblock_preserves_bare_lf ... ok
test adf::tests::test_push_code_normalizes_lone_cr_in_inline_code ... ok
test adf::tests::test_push_text_normalizes_bare_lf_in_other_context_to_space ... ok
test adf::tests::test_push_text_crlf_two_pass_ordering_deterministic ... ok
test adf::tests::test_push_text_normalizes_lone_cr_in_fenced_code_block ... ok
test adf::tests::test_render_blockquote_prefixes_each_line ... ok
test adf::tests::test_push_text_normalizes_lone_cr_in_heading_and_code_block ... ok
test adf::tests::test_render_blockquote_with_empty_paragraph_produces_no_output ... ok
test adf::tests::test_render_blockquote_with_internal_blank_line_keeps_prefix ... ok
test adf::tests::test_render_code_block_with_language ... ok
test adf::tests::test_render_code_block_without_language ... ok
test adf::tests::test_render_code_mark ... ok
test adf::tests::test_render_code_mark_with_backtick_in_content ... ok
test adf::tests::test_render_code_mark_with_leading_trailing_backtick_pads ... ok
test adf::tests::test_render_consecutive_hard_breaks_produce_multiple_newlines ... ok
test adf::tests::test_render_em_mark ... ok
test adf::tests::test_render_hard_break_in_table_cell_becomes_space ... ok
test adf::tests::test_render_hard_break_inserts_newline ... ok
test adf::tests::test_render_link_missing_href_defaults_empty ... ok
test adf::tests::test_render_link_preserves_href ... ok
test adf::tests::test_render_marks_code_and_strong ... ok
test adf::tests::test_render_marks_link_and_strong ... ok
test adf::tests::test_render_marks_strike_and_em ... ok
test adf::tests::test_render_mixed_nested_lists ... ok
test adf::tests::test_render_multiple_marks_deterministic_order ... ok
test adf::tests::test_render_nested_blockquote ... ok
test adf::tests::test_render_ordered_list_numeric_prefix ... ok
test adf::tests::test_render_ordered_list_order_zero_defaults_to_one ... ok
test adf::tests::test_markdown_to_adf_depth_257_blockquote_is_err ... ok
test adf::tests::test_render_ordered_list_respects_attrs_order ... ok
test adf::tests::test_render_panel_info_to_note_alert ... ok
test adf::tests::test_render_panel_tip_type_renders_no_marker ... ok
test adf::tests::test_render_panel_multiline_body_quotes_every_line ... ok
test adf::tests::test_render_panel_unknown_type_to_plain_blockquote ... ok
test adf::tests::test_render_rule ... ok
test adf::tests::test_render_strike_mark ... ok
test adf::tests::test_render_strong_mark ... ok
test adf::tests::test_render_strong_with_code_applies_code_innermost ... ok
test adf::tests::test_render_subsup_mark_reverse_path ... ok
test adf::tests::test_render_table_cell_collapses_newlines_in_text ... ok
test adf::tests::test_render_table_cell_escapes_pipe_in_text ... ok
test adf::tests::test_render_table_mixed_header_cell_row_still_emits_separator ... ok
test adf::tests::test_render_table_cell_flattens_paragraph ... ok
test adf::tests::test_render_table_pipe_format ... ok
test adf::tests::test_render_trailing_hard_breaks_stripped_by_finish ... ok
test adf::tests::test_render_unknown_container_recurses ... ok
test adf::tests::test_render_unknown_leaf_drops_silently ... ok
test adf::tests::test_render_unknown_mark_drops_syntax ... ok
test adf::tests::test_restore_mention_sentinels_scrubs_stray_primary_bracket_sentinel ... ok
test adf::tests::test_task_item_native_hardbreak_inline_is_roundtrip_lossy ... ok
test adf::tests::test_subsup_composes_with_strong ... ok
test adf::tests::test_subsup_markdown_to_text_roundtrip ... ok
test adf::tests::test_task_item_multi_paragraph_flattened_to_inline ... ok
test adf::tests::test_task_item_with_nested_plain_list_hoists_block_sibling ... ok
test adf::tests::test_task_list_in_list_item_normalized_to_nested_bullet_list ... ok
test adf::tests::test_task_list_in_blockquote_normalized_to_paragraphs ... ok
test adf::tests::test_task_list_in_panel_passes_through ... ok
test adf::tests::test_task_list_roundtrip_adf_to_text ... ok
test adf::tests::test_task_list_localid_dfs_preorder_assignment ... ok
test adf::tests::test_text_to_adf ... ok
test adf::tests::test_text_to_adf_all_newlines_shape ... ok
test adf::tests::test_text_to_adf_empty_string_shape ... ok
test adf::tests::test_text_to_adf_blank_line_produces_two_paragraphs ... ok
test adf::tests::test_text_to_adf_no_raw_newline_in_any_text_node ... ok
test adf::tests::test_text_to_adf_normalizes_interior_crlf_to_hardbreak ... ok
test adf::tests::test_text_to_adf_normalizes_interior_lf_to_hardbreak ... ok
test adf::tests::test_task_list_no_tasklist_leading_child_f6_p1 ... ok
test adf::tests::test_text_to_adf_single_line_unchanged ... ok
test adf::tests::test_text_to_adf_three_lines_produce_two_interior_hardbreaks ... ok
test adf::tests::test_text_to_adf_strips_trailing_newlines ... ok
test adf::tests::test_text_to_adf_normalizes_interior_lone_cr_to_hardbreak ... ok
test adf::tests::test_text_to_adf_whitespace_only_blank_line_preserved ... ok
test adf::tests::test_text_to_adf_worklog_multiline_message_is_cr_lf_free ... ok
test adf::tests::test_trailing_uppercase_in_scheme_is_linkified ... ok
test adf::tests::test_tight_task_item_inline_code_no_hardbreak ... ok
test adf::tests::test_tight_task_item_soft_break_becomes_space_no_hardbreak ... ok
test adf::tests::test_trim_leading_trailing_hardbreaks_unit ... ok
test adf::tests::test_two_bare_urls_in_one_text_node_both_link ... ok
test adf::tests::test_url_in_code_block_not_linkified ... ok
test adf::tests::test_uppercase_https_scheme_is_linkified ... ok
test adf::tests::test_url_in_inline_code_not_linkified ... ok
test adf::tests::test_url_tight_against_preceding_word_not_matched ... ok
test adf::tests::test_validator_rejects_empty_task_list ... ok
test adf::tests::test_validator_rejects_empty_bullet_list ... ok
test adf::tests::test_validator_rejects_blockquote_inside_panel ... ok
test adf::tests::test_markdown_to_adf_depth_255_blockquote_is_ok ... ok
test adf::tests::test_validator_rejects_heading_inside_list_item ... ok
test adf::tests::test_validator_rejects_table_inside_blockquote ... ok
test adf::tests::test_www_url_stays_plain_text ... ok
test api::assets::linked::tests::enrich_json_injects_resolved_fields ... ok
test api::assets::linked::tests::enrich_json_partial_enrichment ... ok
test api::assets::linked::tests::enrich_json_preserves_already_enriched ... ok
test api::assets::linked::tests::extract_per_field_missing_field ... ok
test api::assets::linked::tests::enrich_json_single_object_shape ... ok
test api::assets::linked::tests::extract_per_field_multiple_fields ... ok
test api::assets::linked::tests::extract_per_field_single_field ... ok
test api::assets::linked::tests::extract_per_field_skips_empty ... ok
test api::assets::linked::tests::parse_empty_array ... ok
test api::assets::linked::tests::parse_empty_object_skipped ... ok
test api::assets::linked::tests::parse_legacy_ids_only ... ok
test api::assets::linked::tests::parse_missing_field_skipped ... ok
test api::assets::linked::tests::parse_mixed_fields ... ok
test api::assets::linked::tests::parse_modern_label_and_key ... ok
test api::assets::linked::tests::parse_multiple_cmdb_fields ... ok
test api::assets::linked::tests::parse_multiple_objects_in_array ... ok
test api::assets::linked::tests::parse_null_field_skipped ... ok
test api::assets::linked::tests::parse_numeric_object_id ... ok
test api::assets::linked::tests::parse_single_object_not_array ... ok
test api::assets::linked::tests::parse_string_value_as_name ... ok
test api::assets::objects::tests::aql_escaping ... ok
test api::assets::objects::tests::empty_string_is_numeric_but_rejected_by_resolve ... ok
test api::assets::objects::tests::numeric_id_detected ... ok
test api::assets::objects::tests::object_key_not_numeric ... ok
test api::auth::tests::absence_guard_proptests::prop_vp_authdx_005_detect_and_instruct_correctness ... ignored, requires keyring backend; set JR_RUN_KEYRING_TESTS=1 to run
test api::auth::tests::absence_guard_proptests::prop_vp_authdx_006_no_profile_is_special_cased ... ignored, requires keyring backend; set JR_RUN_KEYRING_TESTS=1 to run
test api::auth::tests::absence_guard_proptests::prop_vp_authdx_008_namespaced_partial_state_safety ... ignored, requires keyring backend; set JR_RUN_KEYRING_TESTS=1 to run
test api::auth::tests::clear_profile_creds_default_also_clears_legacy_flat_keys ... ignored, requires keyring backend; set JR_RUN_KEYRING_TESTS=1 to run
test api::auth::tests::clear_profile_creds_non_default_leaves_legacy_keys_alone ... ignored, requires keyring backend; set JR_RUN_KEYRING_TESTS=1 to run
test api::auth::tests::dpapi_removal_classification_tests::test_classify_dpapi_removal_passes_through_ok ... ok
test api::auth::tests::dpapi_removal_classification_tests::test_classify_dpapi_removal_propagates_genuine_errors_unchanged ... ok
test api::auth::tests::dpapi_routing_keyring_gated_tests::test_clear_profile_creds_succeeds_for_reserved_device_name ... ignored, requires keyring backend; set JR_RUN_KEYRING_TESTS=1 to run
test api::auth::tests::dpapi_removal_classification_tests::test_classify_dpapi_removal_tolerates_profile_path_escape ... ok
test api::auth::tests::dpapi_routing_keyring_gated_tests::test_clear_profile_oauth_pair_succeeds_for_guard_colliding_profile_name ... ignored, requires keyring backend; set JR_RUN_KEYRING_TESTS=1 to run
test api::auth::tests::dpapi_routing_keyring_gated_tests::test_store_oauth_tokens_access_overflow_deletes_stale_pair_and_routes_to_dpapi ... ignored, requires keyring backend; set JR_RUN_KEYRING_TESTS=1 to run. Uses the JR_S759_FORCE_TOOLONG fault-injection seam (implemented) — see module doc above.
test api::auth::tests::dpapi_routing_keyring_gated_tests::test_store_oauth_tokens_both_fit_keyring_write_unchanged ... ignored, requires keyring backend; set JR_RUN_KEYRING_TESTS=1 to run
test api::auth::tests::dpapi_routing_keyring_gated_tests::test_store_oauth_tokens_refresh_overflow_deletes_stale_pair_and_routes_to_dpapi ... ignored, requires keyring backend; set JR_RUN_KEYRING_TESTS=1 to run. Uses the JR_S759_FORCE_TOOLONG fault-injection seam described in this file's module doc above (implemented; see forced_toolong).
test api::auth::tests::dpapi_routing_keyring_gated_tests::test_store_oauth_tokens_toolong_on_fresh_profile_leaves_no_keyring_remnant ... ignored, requires keyring backend; set JR_RUN_KEYRING_TESTS=1 to run. Uses the JR_S759_FORCE_TOOLONG fault-injection seam (implemented) — see module doc above.
test api::auth::tests::dpapi_routing_keyring_gated_tests::test_clear_dpapi_file_tolerating_path_escape_maps_guard_rejection_to_ok ... ok
test api::auth::tests::dpapi_seam_tests::test_engage_dpapi_fallback_seam_disabled_returns_false_for_toolong ... ok
test api::auth::tests::dpapi_seam_tests::test_engage_dpapi_fallback_seam_enabled_returns_false_for_non_toolong ... ok
test api::auth::tests::dpapi_seam_tests::test_engage_dpapi_fallback_seam_enabled_returns_true_for_toolong ... ok
test api::auth::tests::embedded_callback_port_is_53682 ... ok
test api::auth::tests::honest_fail_message_tests::test_ac_001_profile_path_escape_selected_first_regardless_of_chain_order ... ok
test api::auth::tests::honest_fail_message_tests::test_bc_1_4_039_profile_path_escape_yields_exit_64_user_error ... ok
test api::auth::tests::honest_fail_message_tests::test_bc_1_4_039_ac_007_plain_toolong_without_marker_uses_legacy_message ... ok
test api::auth::tests::honest_fail_message_tests::test_bc_1_4_039_site1_and_site3_dpapi_messages_are_textually_distinct ... ok
test api::auth::tests::fixed_port_strategy_eaddrinuse_friendly_error ... ok
test api::auth::tests::honest_fail_message_tests::test_bc_1_4_039_site1_dpapi_fallback_failed_recommends_scoped_cleanup_by_default ... ok
test api::auth::tests::honest_fail_message_tests::test_bc_1_4_039_site1_profile_path_escape_renders_invalid_profile_name ... ok
test api::auth::tests::honest_fail_message_tests::test_bc_1_4_039_site3_dpapi_fallback_failed_omits_grant_revoke ... ok
test api::auth::tests::honest_fail_message_tests::test_bc_1_4_039_site3_none_matched_legacy_message_unchanged ... ok
test api::auth::tests::honest_fail_message_tests::test_bc_1_4_039_site1_none_matched_legacy_message_corrected ... ok
test api::auth::tests::lazy_migration_does_not_fire_for_non_default_profile ... ignored, requires keyring backend; set JR_RUN_KEYRING_TESTS=1 to run
test api::auth::tests::lazy_migration_legacy_flat_keys_for_default_profile ... ignored, requires keyring backend; set JR_RUN_KEYRING_TESTS=1 to run
test api::auth::tests::honest_fail_message_tests::test_bc_1_4_039_site3_profile_path_escape_renders_invalid_profile_name ... ok
test api::auth::tests::load_api_token_cross_profile_isolation ... ignored, requires keyring backend; set JR_RUN_KEYRING_TESTS=1 to run
test api::auth::tests::load_api_token_default_profile_has_no_legacy_fallback ... ignored, requires keyring backend; set JR_RUN_KEYRING_TESTS=1 to run
test api::auth::tests::load_api_token_propagates_backend_error_not_absent_message ... ignored, requires keyring backend; set JR_RUN_KEYRING_TESTS=1 to run
test api::auth::tests::load_api_token_returns_err_for_missing_profile ... ignored, requires keyring backend; set JR_RUN_KEYRING_TESTS=1 to run
test api::auth::tests::load_oauth_tokens_default_partial_recovers_from_legacy ... ignored, requires keyring backend; set JR_RUN_KEYRING_TESTS=1 to run
test api::auth::tests::load_oauth_tokens_errors_on_partial_state ... ignored, requires keyring backend; set JR_RUN_KEYRING_TESTS=1 to run
test api::auth::tests::load_oauth_tokens_returns_err_for_missing_profile ... ignored, requires keyring backend; set JR_RUN_KEYRING_TESTS=1 to run
test api::auth::tests::load_pair_discrimination_tests::test_backend_io_error_message_never_suggests_relogin ... ok
test adf::tests::test_markdown_to_adf_depth_256_blockquote_is_err ... ok
test api::auth::tests::load_pair_discrimination_tests::test_classify_absent ... ok
test api::auth::tests::load_pair_discrimination_tests::test_classify_backend_error_for_unmarked_err ... ok
test api::auth::tests::load_pair_discrimination_tests::test_classify_corrupt ... ok
test api::auth::tests::percred_proptests::prop_bc_1_4_031_round_trip_and_cross_profile_isolation ... ignored, requires keyring backend; set JR_RUN_KEYRING_TESTS=1 to run
test api::auth::tests::load_pair_discrimination_tests::test_classify_invalid_profile_name_for_every_escape_variant ... ok
test api::auth::tests::load_pair_discrimination_tests::test_corrupt_secret_file_error_message_names_profile ... ok
test api::auth::tests::load_pair_discrimination_tests::test_classify_found ... ok
test api::auth::tests::load_pair_discrimination_tests::test_invalid_profile_name_error_message_names_reason ... ok
test api::auth::tests::redirect_uri_strategy_strings ... ok
test api::auth::tests::resolve_refresh_app_credentials_errors_when_both_absent ... ignored, requires keyring backend; set JR_RUN_KEYRING_TESTS=1 to run
test api::auth::tests::resolve_refresh_app_credentials_prefers_keychain ... ignored, requires keyring backend; set JR_RUN_KEYRING_TESTS=1 to run
test api::auth::tests::site1_no_clear_keyring_gated_tests::test_bc_1_4_039_site1_dpapi_fallback_failed_clears_nothing ... ignored, requires keyring backend; set JR_RUN_KEYRING_TESTS=1 to run
test api::auth::tests::store_and_load_per_profile_api_token_round_trip ... ignored, requires keyring backend; set JR_RUN_KEYRING_TESTS=1 to run
test api::auth::tests::store_and_load_per_profile_oauth_tokens_round_trip ... ignored, requires keyring backend; set JR_RUN_KEYRING_TESTS=1 to run
test api::auth::tests::store_api_token_overwrites_unconditionally ... ignored, requires keyring backend; set JR_RUN_KEYRING_TESTS=1 to run
test api::auth::tests::test_ac_002_clear_profile_creds_propagates_genuine_backend_error_not_swallowed ... ignored, requires keyring backend; set JR_RUN_KEYRING_TESTS=1 to run
test api::auth::tests::test_ac_004_clear_profile_creds_retry_after_partial_success_tolerates_no_entry ... ignored, requires keyring backend; set JR_RUN_KEYRING_TESTS=1 to run
test api::auth::tests::test_bc_1_2_014_clear_all_credentials_propagates_genuine_backend_error_not_aggregated ... ignored, requires keyring backend; set JR_RUN_KEYRING_TESTS=1 to run
test api::auth::tests::test_bc_1_2_014_clear_profile_creds_clears_namespaced_api_token_pair_and_oauth_pair ... ignored, requires keyring backend; set JR_RUN_KEYRING_TESTS=1 to run
test api::auth::tests::test_bc_1_4_031_api_token_email_key_default_profile ... ok
test api::auth::tests::test_bc_1_4_031_api_token_email_key_sandbox_profile ... ok
test api::auth::tests::test_bc_1_4_031_api_token_key_default_profile ... ok
test adf::tests::test_markdown_to_adf_deepest_node_at_256_is_err_boundary_exact ... ok
test api::auth::tests::test_bc_1_4_031_api_token_keys_distinct_across_profiles ... ok
test api::auth::tests::test_bc_1_4_031_api_token_key_sandbox_profile ... ok
test api::auth::tests::test_bc_1_4_032_absent_namespaced_keys_legacy_pair_present_returns_identical_actionable_exit2 ... ignored, requires keyring backend; set JR_RUN_KEYRING_TESTS=1 to run
test api::auth::tests::test_bc_1_4_031_api_token_keys_symmetric_with_oauth_key_shape ... ok
test api::auth::tests::test_bc_1_4_032_absent_namespaced_keys_no_legacy_pair_returns_actionable_exit2 ... ignored, requires keyring backend; set JR_RUN_KEYRING_TESTS=1 to run
test api::auth::tests::test_bc_1_4_032_credential_absence_exits_2_not_64 ... ignored, requires keyring backend; set JR_RUN_KEYRING_TESTS=1 to run
test api::auth::tests::test_bc_1_4_032_default_profile_not_special_cased_identical_to_other_profiles ... ignored, requires keyring backend; set JR_RUN_KEYRING_TESTS=1 to run
test api::auth::tests::test_bc_1_4_032_no_copy_invariant_legacy_pair_untouched_and_no_percred_written ... ignored, requires keyring backend; set JR_RUN_KEYRING_TESTS=1 to run
test api::auth::tests::test_bc_1_4_032_repeated_calls_return_same_err_no_first_call_side_effect ... ignored, requires keyring backend; set JR_RUN_KEYRING_TESTS=1 to run
test api::auth::tests::test_bc_1_4_033_namespaced_partial_email_present_returns_incomplete_credentials_error ... ignored, requires keyring backend; set JR_RUN_KEYRING_TESTS=1 to run
test api::auth::tests::test_bc_1_4_033_namespaced_partial_token_present_returns_incomplete_credentials_error ... ignored, requires keyring backend; set JR_RUN_KEYRING_TESTS=1 to run
test api::auth::tests::test_bc_1_4_033_partial_precedence_over_legacy_pair_present ... ignored, requires keyring backend; set JR_RUN_KEYRING_TESTS=1 to run
test api::auth::tests::test_bc_1_4_033_partial_write_exits_2_and_recommends_login_not_logout ... ignored, requires keyring backend; set JR_RUN_KEYRING_TESTS=1 to run
test api::auth::tests::test_bc_1_4_033_remediation_message_never_mentions_auth_logout ... ignored, requires keyring backend; set JR_RUN_KEYRING_TESTS=1 to run
test api::auth::tests::test_bc_1_4_034_single_relogin_permanently_resolves_the_breaking_change ... ignored, requires keyring backend; set JR_RUN_KEYRING_TESTS=1 to run
test api::auth::tests::test_bc_1_6_048_auth_state_as_str_agrees_with_serde ... ok
test api::auth::tests::test_bc_1_6_048_derive_auth_state_url_none_always_unset ... ok
test api::auth::tests::test_bc_1_6_048_derive_auth_state_url_some_match_yields_configured ... ok
test api::auth::tests::test_bc_1_6_048_derive_auth_state_url_some_no_match_yields_no_credentials ... ok
test api::auth::tests::test_bc_1_6_049_list_json_schema_status_vocabulary_values ... ok
test api::auth::tests::test_build_authorize_url_escapes_hostile_client_id ... ok
test api::auth::tests::test_build_authorize_url_escapes_plus_in_scope ... ok
test api::auth::tests::test_build_authorize_url_happy_path ... ok
test api::auth::tests::test_clear_api_token_pair_attempt_all_returns_first_error_when_both_fail ... ok
test api::auth::tests::test_ec_1_2_014_2_clear_profile_creds_succeeds_when_both_credential_kinds_absent ... ignored, requires keyring backend; set JR_RUN_KEYRING_TESTS=1 to run
test api::auth::tests::test_clear_api_token_pair_attempt_all_runs_second_step_even_when_first_errors ... ok
test api::auth::tests::test_clear_api_token_pair_attempt_all_ok_when_both_steps_succeed ... ok
test api::auth::tests::test_ec_1_4_031_2_backend_error_during_legacy_pair_probe_propagates ... ignored, requires keyring backend; set JR_RUN_KEYRING_TESTS=1 to run
test api::auth::tests::test_clear_api_token_pair_attempt_all_surfaces_second_step_error_alone ... ok
test api::auth::tests::test_extract_query_param_found ... ok
test api::auth::tests::test_extract_query_param_no_query ... ok
test api::auth::tests::test_f2_01_refresh_propagates_locked_keychain_error_not_embedded_rotation_hint ... ignored, requires keyring backend; set JR_RUN_KEYRING_TESTS=1 to run
test api::auth::tests::test_extract_query_param_not_found ... ok
test api::auth::tests::test_generate_state_is_64_hex_chars ... ok
test api::auth::tests::test_generate_state_is_hex ... ok
test api::auth::tests::test_generate_state_is_not_deterministic ... ok
test api::auth::tests::test_normalize_for_phrase_scan_catches_backslash_continued_phrase ... ok
test api::auth::tests::test_normalize_for_phrase_scan_catches_inner_doc_wrapped_forbidden_phrase ... ok
test api::auth::tests::test_normalize_for_phrase_scan_catches_wrapped_forbidden_phrase ... ok
test api::auth::tests::test_normalize_for_phrase_scan_catches_plain_comment_wrapped_forbidden_phrase ... ok
test api::auth::tests::test_s_1_08_ac001_key_format_structure ... ok
test api::auth::tests::test_s_1_08_ac001_oauth_access_key_default_profile ... ok
test api::auth::tests::test_s_1_08_ac001_oauth_access_key_sandbox_profile ... ok
test api::auth::tests::test_s_1_08_ac001_oauth_refresh_key_default_profile ... ok
test api::auth::tests::test_s_1_08_ac001_oauth_refresh_key_sandbox_profile ... ok
test api::auth::tests::test_s_1_08_ac001_profile_keys_are_distinct_across_profiles ... ok
test api::auth::tests::test_s_1_08_ac001_shared_keys_are_not_namespaced ... ok
test api::auth::tests::test_s_1_08_ac002_lazy_migration_guard_sentinel_is_default ... ok
test api::auth::tests::test_s_1_08_ac003_partial_state_error_message_contains_partial ... ok
test api::auth::tests::test_service_name_debug_build_honors_jr_service_name_override ... ignored, requires keyring backend; set JR_RUN_KEYRING_TESTS=1 to run
test api::auth::tests::test_s_1_08_ac004_namespaced_key_never_aliases_legacy_key ... ok
test api::auth::tests::test_vp_authdx_007_keyring_gated_end_to_end_detect_and_instruct_scenario ... ignored, requires keyring backend; set JR_RUN_KEYRING_TESTS=1 to run
test api::auth_embedded::tests::build_embedded_app_none_when_any_constant_missing ... ok
test api::auth_embedded::tests::build_embedded_app_none_when_constants_unset ... ok
test api::auth_embedded::tests::build_embedded_app_rejects_empty_inputs ... ok
test api::auth_embedded::tests::build_embedded_app_returns_decoded_when_all_set ... ok
test api::auth_embedded::tests::decode_round_trip_known_plaintext ... ok
test api::auth_embedded::tests::embedded_oauth_app_debug_redacts_secret ... ok
test api::auth_embedded::tests::embedded_oauth_app_is_none_in_default_test_build ... ok
test api::auth_embedded::tests::embedded_oauth_app_present_is_false_in_default_test_build ... ok
test api::auth_windows_store::tests::force_dpapi_load_pair_seam_tests::test_guard_checked_before_seam_value ... ok
test api::auth_windows_store::tests::force_dpapi_load_pair_seam_tests::test_seam_backend_error_returns_generic_err ... ok
test api::auth_windows_store::tests::force_dpapi_load_pair_seam_tests::test_seam_corrupt_returns_corrupt_secret_file_marker ... ok
test api::auth_windows_store::tests::force_dpapi_load_pair_seam_tests::test_seam_disabled_returns_ok_none_for_valid_name ... ok
test api::auth_windows_store::tests::force_dpapi_load_pair_seam_tests::test_seam_found_returns_forced_pair ... ok
test api::auth::tests::test_no_account_wide_harmful_revoke_framing_in_auth_source ... ok
test api::auth_windows_store::tests::proptests::prop_reject_unsafe_profile_component_acceptance_implies_opaque_segment ... ok
test api::auth::tests::test_bc_1_6_048_derive_auth_state_exhaustive_truth_table ... ok
test api::auth_windows_store::tests::test_atomic_write_creates_parent_directory_if_absent ... ok
test api::auth_windows_store::tests::test_atomic_write_creates_final_file_with_exact_contents ... ok
test api::auth_windows_store::tests::test_cleanup_stale_tmp_siblings_tolerates_missing_directory ... ok
test adf::tests::prop_text_to_adf_holds_inv1 ... ok
test api::auth_windows_store::tests::test_corrupt_secret_file_display_includes_profile_name ... ok
test api::auth_windows_store::tests::test_design_conformance_std_path_would_wrongly_accept_windows_vectors_on_this_host ... ok
test api::auth_windows_store::tests::test_atomic_write_no_tmp_file_left_behind_on_success ... ok
test api::auth_windows_store::tests::test_dpapi_fallback_failed_display_includes_message ... ok
test api::auth_windows_store::tests::test_cleanup_stale_tmp_siblings_removes_only_stale_entries ... ok
test api::auth_windows_store::tests::test_envelope_decode_rejects_binary_garbage_with_high_bytes ... ok
test api::auth_windows_store::tests::test_envelope_decode_rejects_json_missing_access_field ... ok
test api::auth_windows_store::tests::test_envelope_decode_rejects_json_missing_refresh_field ... ok
test api::auth_windows_store::tests::test_envelope_decode_rejects_empty_input ... ok
test api::auth_windows_store::tests::test_envelope_decode_rejects_structurally_malformed_json ... ok
test api::auth_windows_store::tests::test_envelope_encode_decode_round_trip_basic ... ok
test api::auth_windows_store::tests::test_atomic_write_round_trips_after_parent_dir_fsync_added ... ok
test api::auth_windows_store::tests::test_envelope_encode_decode_round_trip_empty_strings ... ok
test api::auth_windows_store::tests::test_envelope_encode_decode_round_trip_non_ascii_utf8 ... ok
test api::auth_windows_store::tests::test_envelope_unwrap_rejects_bad_magic ... ok
test api::auth_windows_store::tests::test_envelope_unwrap_rejects_truncated_header ... ok
test api::auth_windows_store::tests::test_envelope_unwrap_rejects_unrecognized_version ... ok
test api::auth_windows_store::tests::test_envelope_wrap_unwrap_round_trip ... ok
test api::auth_windows_store::tests::test_envelope_wrap_prepends_jrod_magic ... ok
test api::auth_windows_store::tests::test_envelope_wrap_unwrap_round_trip_empty_ciphertext ... ok
test api::auth_windows_store::tests::test_fsync_parent_dir_best_effort_swallows_error_for_unopenable_directory ... ok
test api::auth_windows_store::tests::test_guard_wiring_load_pair_rejects_bad_profile_before_anything_else ... ok
test api::auth_windows_store::tests::test_guard_wiring_remove_if_present_rejects_bad_profile_before_anything_else ... ok
test api::auth_windows_store::tests::test_envelope_encode_decode_round_trip_oversized_token ... ok
test api::auth_windows_store::tests::test_guard_wiring_store_pair_rejects_bad_profile_before_anything_else ... ok
test api::auth_windows_store::tests::test_is_reserved_windows_device_name_direct ... ok
test api::auth_windows_store::tests::test_non_windows_load_pair_returns_ok_none_for_valid_name ... ok
test api::auth_windows_store::tests::test_non_windows_remove_if_present_returns_ok_for_valid_name ... ok
test api::auth_windows_store::tests::test_non_windows_store_pair_returns_dpapi_fallback_failed_for_valid_name ... ok
test api::auth_windows_store::tests::test_profile_path_escape_display_texts_are_nonempty_and_distinct ... ok
test api::auth_windows_store::tests::test_reject_unsafe_profile_component_accepts_leading_space_nonreserved_name ... ok
test api::auth_windows_store::tests::test_reject_unsafe_profile_component_accepts_ordinary_names ... ok
test api::auth_windows_store::tests::test_reject_unsafe_profile_component_dot_substring_is_not_a_dot_segment_rejection ... ok
test api::auth_windows_store::tests::test_reject_unsafe_profile_component_does_not_reject_reserved_name_as_substring ... ok
test api::auth_windows_store::tests::test_reject_unsafe_profile_component_rejects_both_separators_everywhere ... ok
test api::auth_windows_store::tests::test_reject_unsafe_profile_component_rejects_all_30_reserved_device_names ... ok
test api::auth_windows_store::tests::test_reject_unsafe_profile_component_rejects_colon_everywhere ... ok
test api::auth_windows_store::tests::test_reject_unsafe_profile_component_rejects_dot_segments ... ok
test api::auth_windows_store::tests::test_reject_unsafe_profile_component_rejects_embedded_nul_byte ... ok
test api::auth_windows_store::tests::test_reject_unsafe_profile_component_rejects_empty_string ... ok
test api::auth_windows_store::tests::test_reject_unsafe_profile_component_rejects_leading_space_reserved_stem ... ok
test api::auth_windows_store::tests::test_reject_unsafe_profile_component_rejects_trailing_dot_or_space ... ok
test api::auth_windows_store::tests::test_should_fallback_to_dpapi_false_for_every_other_variant ... ok
test api::auth_windows_store::tests::test_should_fallback_to_dpapi_true_for_toolong ... ok
test api::auth_windows_store::tests::test_fsync_parent_dir_best_effort_succeeds_for_real_directory ... ok
test api::client::clamp_tests::test_clamp_retry_sleep_far_deadline_returns_base ... ok
test api::client::clamp_tests::test_clamp_retry_sleep_near_deadline_clamps_to_remaining ... ok
test api::client::clamp_tests::test_clamp_retry_sleep_base_equals_remaining_clamps_to_remaining ... ok
test api::client::clamp_tests::test_clamp_retry_sleep_50ms_remaining_is_sleep ... ok
test api::client::clamp_tests::test_clamp_retry_sleep_no_deadline_returns_base ... ok
test api::client::clamp_tests::test_clamp_retry_sleep_entry_point_pattern_already_expired_is_expired ... ok
test api::client::clamp_tests::test_clamp_retry_sleep_zero_base_returns_zero_sleep ... ok
test api::client::clamp_tests::test_clamp_retry_sleep_sub_millisecond_remaining_returns_expired ... ok
test api::client::classify_401_body_tests::test_classify_401_body_not_authenticated_carries_login_hint_verbatim ... ok
test api::client::classify_401_body_tests::test_classify_401_body_returns_insufficient_scope_for_real_wire_message ... ok
test api::client::classify_401_body_tests::test_classify_401_body_not_authenticated_carries_refresh_hint_verbatim ... ok
test api::client::classify_401_body_tests::test_classify_401_body_returns_insufficient_scope_for_scope_mismatch_message ... ok
test api::client::classify_401_body_tests::test_classify_401_body_returns_not_authenticated_for_empty_message ... ok
test api::client::classify_401_body_tests::test_classify_401_body_scope_mismatch_match_is_case_insensitive ... ok
test api::client::classify_401_body_tests::test_classify_401_body_returns_not_authenticated_for_near_miss_substrings ... ok
test api::client::sanitize_tests::test_cap_entry_passes_through_at_max_length ... ok
test api::client::sanitize_tests::test_cap_entry_passes_through_short_input ... ok
test api::client::sanitize_tests::test_cap_entry_respects_utf8_char_boundary ... ok
test api::client::sanitize_tests::test_cap_entry_size_invariant_at_boundary_oversize ... ok
test api::client::sanitize_tests::test_cap_entry_truncates_oversized_with_marker ... ok
test api::client::sanitize_tests::test_extract_error_message_non_utf8_small_body_no_marker ... ok
test api::client::sanitize_tests::test_extract_error_message_size_gate_allows_normal_body ... ok
test api::client::sanitize_tests::test_extract_error_message_size_gate_skips_parse_for_huge_body ... ok
test api::client::sanitize_tests::test_extract_error_message_size_gate_threshold_is_documented_value ... ok
test api::client::is_oauth_auth_tests::test_is_oauth_auth_lowercase_bearer_returns_false ... ok
test api::client::is_oauth_auth_tests::test_is_oauth_auth_basic_header_returns_false ... ok
test api::client::is_oauth_auth_tests::test_is_oauth_auth_bearer_header_returns_true ... ok
test api::client::sanitize_tests::test_extract_error_message_non_utf8_marker_reports_true_body_size ... ok
test api::client::sanitize_tests::test_sanitize_for_stderr_clean_input_returns_same_string ... ok
test api::client::sanitize_tests::test_sanitize_for_stderr_caps_oversized_clean_input ... ok
test api::client::sanitize_tests::test_sanitize_for_stderr_empty_string ... ok
test api::client::sanitize_tests::test_sanitize_for_stderr_escapes_ansi_escape_sequence ... ok
test api::client::sanitize_tests::test_sanitize_for_stderr_escapes_carriage_return ... ok
test api::client::sanitize_tests::test_sanitize_for_stderr_escapes_crlf_fake_log_injection ... ok
test api::client::sanitize_tests::test_sanitize_for_stderr_escapes_del_character ... ok
test api::client::sanitize_tests::test_sanitize_for_stderr_caps_post_sanitization_expansion ... ok
test api::client::sanitize_tests::test_sanitize_for_stderr_escapes_line_feed ... ok
test api::client::sanitize_tests::test_sanitize_for_stderr_escapes_null_byte ... ok
test api::client::sanitize_tests::test_sanitize_for_stderr_escapes_tab ... ok
test api::client::sanitize_tests::test_sanitize_for_stderr_escapes_unicode_csi_c1_control ... ok
test api::client::sanitize_tests::test_sanitize_for_stderr_escapes_unicode_nel_c1_control ... ok
test api::client::sanitize_tests::test_sanitize_for_stderr_is_idempotent ... ok
test api::client::sanitize_tests::test_sanitize_for_stderr_passes_through_clean_ascii ... ok
test api::client::sanitize_tests::test_sanitize_for_stderr_preserves_non_control_unicode_above_ascii ... ok
test api::client::sanitize_tests::test_sanitize_for_stderr_passes_through_utf8 ... ok
test api::client::sanitize_tests::test_sanitize_for_stderr_preserves_space_and_punctuation ... ok
test api::client::sanitize_tests::test_sanitize_for_stderr_under_cap_no_truncation ... ok
test api::client::sanitize_tests::test_sanitize_for_stderr_truncation_marker_excludes_out_len ... ok
test api::client::sanitize_tests::test_serialize_value_bounded_handles_zero_limit_safely ... ok
test api::client::sanitize_tests::test_serialize_value_bounded_marker_fits_within_limit_for_oversized ... ok
test api::client::sanitize_tests::test_serialize_value_bounded_no_marker_for_tiny_limit_below_marker_len ... ok
test api::client::sanitize_tests::test_serialize_value_bounded_caps_oversized_value ... ok
test api::client::sanitize_tests::test_serialize_value_bounded_no_marker_when_no_overflow ... ok
test api::client::sanitize_tests::test_serialize_value_bounded_small_value_fits_under_limit ... ok
test api::client::sanitize_tests::test_serialize_value_bounded_produces_valid_utf8 ... ok
test api::jira::attachments::tests::test_f5_r1_006_safe_name_double_quote_mapped_to_underscore ... ok
test api::jira::attachments::tests::test_f5_r2_002_safe_name_backslash_mapped_to_underscore ... ok
test api::jira::attachments::tests::test_fix_576_dl_bool_id_is_deserialization_error ... ok
test api::client::sanitize_tests::test_serialize_value_bounded_returns_marker_with_correct_data_on_partial_write ... ok
test api::jira::attachments::tests::test_fix_576_dl_integer_id_deserializes_to_string ... ok
test api::jira::attachments::tests::test_fix_576_dl_negative_integer_id_deserializes_to_string ... ok
test api::jira::attachments::tests::test_fix_576_dl_string_id_deserializes_unchanged ... ok
test api::jira::attachments::tests::test_sec_576_004_safe_name_crlf_mapped_to_underscore ... ok
test api::jira::attachments::tests::test_sec_576_004_safe_name_normal_filenames_unchanged ... ok
test adf::tests::prop_bc_7_2_018_find_mention_candidates_never_panics_and_deterministic ... ok
test api::jira::attachments::tests::test_sec_576_004_safe_name_nul_mapped_to_underscore ... ok
test api::jira::bulk::tests::test_336_format_grace_duration_at_one_second_boundary_renders_s ... ok
test api::jira::bulk::tests::test_336_format_grace_duration_sub_second_renders_ms ... ok
test api::jira::bulk::tests::test_336_format_grace_duration_zero_renders_zero_ms ... ok
test api::jira::bulk::tests::test_validate_task_id_accepts_alphanumeric_opaque ... ok
test api::jira::bulk::tests::test_validate_task_id_accepts_at_max_length ... ok
test api::jira::bulk::tests::test_validate_task_id_accepts_domain_prefixed_uuid ... ok
test api::jira::bulk::tests::test_validate_task_id_accepts_dot_within_longer_token ... ok
test api::jira::bulk::tests::test_validate_task_id_accepts_numeric_token ... ok
test api::jira::bulk::tests::test_validate_task_id_accepts_uuid ... ok
test api::jira::bulk::tests::test_validate_task_id_rejects_backslash ... ok
test api::jira::bulk::tests::test_validate_task_id_rejects_carriage_return ... ok
test api::jira::bulk::tests::test_validate_task_id_rejects_double_dot_segment ... ok
test api::jira::bulk::tests::test_validate_task_id_rejects_forward_slash ... ok
test api::jira::bulk::tests::test_validate_task_id_rejects_empty ... ok
test api::jira::bulk::tests::test_validate_task_id_rejects_newline ... ok
test api::jira::bulk::tests::test_validate_task_id_rejects_null_byte ... ok
test api::jira::bulk::tests::test_validate_task_id_rejects_non_ascii ... ok
test api::jira::bulk::tests::test_validate_task_id_rejects_path_traversal_attempt ... ok
test api::jira::bulk::tests::test_validate_task_id_rejects_oversized ... ok
test api::jira::bulk::tests::test_validate_task_id_rejects_single_dot_segment ... ok
test api::jira::bulk::tests::test_validate_task_id_rejects_space ... ok
test api::jira::fields::tests::filter_case_insensitive_name_match ... ok
test api::jira::fields::tests::filter_cmdb_fields_empty_when_no_cmdb ... ok
test api::jira::fields::tests::filter_cmdb_fields_finds_assets_type ... ok
test api::jira::fields::tests::filter_cmdb_fields_ignores_non_cmdb ... ok
test api::jira::fields::tests::filter_cmdb_fields_multiple ... ok
test api::jira::fields::tests::filter_finds_both_variants ... ok
test api::jira::fields::tests::filter_finds_classic_story_points ... ok
test api::jira::fields::tests::filter_finds_jsw_story_point_estimate ... ok
test api::jira::fields::tests::filter_ignores_non_custom_fields ... ok
test api::jira::fields::tests::filter_ignores_non_number_fields ... ok
test api::jira::issues::tests::approximate_count_response_deserializes ... ok
test api::jira::issues::tests::approximate_count_response_zero ... ok
test api::jira::issues::tests::search_result_has_more_false_when_no_truncation ... ok
test api::jira::issues::tests::search_result_has_more_true_when_truncated ... ok
test api::jira::issues::tests::test_createmeta_response_deserializes_issuetypes_field ... ok
test api::jira::links::tests::create_remote_link_posts_object_url_and_title ... ok
test api::jira::tenant::tests::test_is_plausible_cloud_id_accepts_existing_test_fixture_values ... ok
test api::jira::tenant::tests::test_is_plausible_cloud_id_accepts_real_uuid_shape ... ok
test api::jira::tenant::tests::test_is_plausible_cloud_id_rejects_disallowed_characters ... ok
test api::jira::tenant::tests::test_is_plausible_cloud_id_rejects_empty_string ... ok
test api::jira::tenant::tests::test_is_plausible_cloud_id_rejects_internal_whitespace ... ok
test api::jira::resolutions::tests::get_resolutions_returns_parsed_list ... ok
test api::jira::tenant::tests::test_is_plausible_cloud_id_rejects_whitespace_only ... ok
test api::jira::tenant::tests::test_max_tenant_info_response_bytes_is_64_kib ... ok
test api::jira::tenant::tests::test_validate_and_trim_site_url_accepts_case_insensitive_scheme ... ok
test api::jira::tenant::tests::test_validate_and_trim_site_url_rejects_whitespace_only_input ... ok
test api::jira::tenant::tests::test_validate_and_trim_site_url_rejects_non_https_scheme ... ok
test api::jira::tenant::tests::test_validate_and_trim_site_url_trims_leading_and_trailing_whitespace ... ok
test api::jira::users::tests::multi_project_search_response_deserializes ... ok
test api::jira::users::tests::single_user_without_email_deserializes ... ok
test api::jira::users::tests::single_user_response_deserializes ... ok
test api::jsm::attachments::tests::test_attach_tmp_429_then_200_retries_and_succeeds ... ok
test api::jsm::attachments::tests::test_attach_tmp_429_exhausts_retries_returns_error ... ok
test api::jsm::attachments::tests::test_attach_tmp_retry_after_60_boundary_not_capped_retries ... ok
test api::jsm::attachments::tests::test_attach_tmp_retry_after_cap_exceeded_returns_error ... ok
test api::jsm::attachments::tests::test_curate_jsm_attachment_entry_string_created_preserved ... ok
test api::jsm::attachments::tests::test_bc_3_9_006_step2_network_error_uses_connectivity_message_no_retry_hint ... ok
test api::jsm::attachments::tests::test_f5_r1_006_jsm_safe_name_double_quote_mapped_to_underscore ... ok
test api::jsm::attachments::tests::test_f5_r2_002_jsm_safe_name_backslash_mapped_to_underscore ... ok
test api::jsm::attachments::tests::test_sec_576_004_safe_name_benign_filenames_pass_through ... ok
test api::jsm::attachments::tests::test_f5_r1_007_step2_network_error_uses_canonical_network_error_variant ... ok
test api::jsm::attachments::tests::test_sec_576_004_safe_name_nul_mapped_to_underscore ... ok
test api::jsm::attachments::tests::test_sec_576_004_safe_name_crlf_mapped_to_underscore ... ok
test api::jsm::requests::adf_build_tests::test_bc_3_8_019_build_description_supersedes_extra_field_description_entry ... ok
test api::jsm::requests::adf_build_tests::test_bc_3_8_022_is_adf_request_absent_with_hinted_object_field_no_adf ... ok
test adf::tests::prop_markdown_to_adf_html_chars_holds_inv1 ... ok
test api::client::proptests_ac_009_assets_base_url_gating::prop_assets_base_url_is_cloud_id_only_never_gated_by_auth_method ... ok
test api::jsm::requests::proptests::prop_build_jsm_request_body_summary_always_present ... ok
test api::pagination::tests::test_assets_page_deserialize_is_last_bool ... ok
test api::pagination::tests::test_assets_page_deserialize_is_last_string ... ok
test api::pagination::tests::test_assets_page_deserialize_is_last_string_true ... ok
test api::pagination::tests::test_assets_page_has_more ... ok
test api::pagination::tests::test_assets_page_last_page ... ok
test api::pagination::tests::test_cursor_page_has_more ... ok
test api::pagination::tests::test_offset_page_has_more ... ok
test api::pagination::tests::test_offset_page_items_from_comments ... ok
test api::pagination::tests::test_offset_page_items_from_issues ... ok
test api::pagination::tests::test_offset_page_last_page ... ok
test api::pagination::tests::test_service_desk_page_deserialize ... ok
test api::pagination::tests::test_service_desk_page_empty ... ok
test api::pagination::tests::test_service_desk_page_has_more ... ok
test api::pagination::tests::test_service_desk_page_last_page ... ok
test api::rate_limit::tests::test_missing_headers_returns_none ... ok
test api::rate_limit::tests::test_parse_retry_after_and_remaining ... ok
test cache::cache_profile_isolation_tests::test_cmdb_fields_cache_cross_profile_isolation ... ok
test cache::cache_profile_isolation_tests::test_fields_cache_cross_profile_isolation ... ok
test api::jsm::requests::proptests::prop_build_jsm_request_body_raise_on_behalf_of_presence ... ok
test cache::cache_profile_isolation_tests::test_object_type_attr_cache_cross_profile_isolation ... ok
test cache::cache_profile_isolation_tests::test_project_meta_cross_profile_isolation ... ok
test api::jsm::requests::proptests::prop_build_jsm_request_body_description_adf_presence ... ok
test cache::cache_profile_isolation_tests::test_resolutions_cache_cross_profile_isolation ... ok
test cache::cache_profile_isolation_tests::test_workspace_cache_cross_profile_isolation ... ok
test cache::fields_cache_format_drift_tests::test_corrupt_fields_cache_returns_none ... ok
test cache::request_type_cache_tests::test_corrupt_request_type_cache_returns_none_self_heals ... ok
test cache::request_type_cache_tests::test_corrupt_request_type_fields_cache_returns_none_self_heals ... ok
test cache::fields_cache_format_drift_tests::test_fields_cache_legacy_id_only_format_self_heals ... ok
test cache::request_type_cache_tests::test_request_type_cache_cross_profile_isolation ... ok
test cache::resolution_cache_tests::resolution_cache_missing_returns_none ... ok
test cache::request_type_cache_tests::test_request_type_fields_cache_cross_profile_isolation ... ok
test cache::tests::cache_dir_includes_v1_and_profile_subdir ... ok
test cache::resolution_cache_tests::resolution_cache_round_trip ... ok
test cache::tests::clear_profile_cache_refuses_empty_profile_and_preserves_other_profiles ... ok
test cache::tests::clear_profile_cache_removes_only_that_profile ... ok
test api::jsm::requests::proptests::prop_build_jsm_request_body_top_level_ids ... ok
test cache::tests::corrupt_project_meta_returns_none ... ok
test cache::tests::corrupt_team_cache_returns_none ... ok
test cache::tests::corrupt_workspace_cache_returns_none ... ok
test cache::tests::cross_profile_isolation_team_cache ... ok
test cache::tests::expired_cache_returns_none ... ok
test cache::tests::expired_cmdb_fields_cache_returns_none ... ok
test cache::tests::expired_object_type_attr_cache_returns_none ... ok
test cache::tests::object_type_attr_cache_corrupt_returns_none ... ok
test cache::tests::expired_workspace_cache_returns_none ... ok
test cache::tests::read_missing_cache_returns_none ... ok
test cache::tests::expired_project_meta_returns_none ... ok
test cache::tests::project_meta_multiple_projects ... ok
test cache::tests::read_missing_cmdb_fields_cache_returns_none ... ok
test cache::tests::read_missing_object_type_attr_cache_returns_none ... ok
test cache::tests::object_type_attr_cache_multiple_types ... ok
test cache::tests::read_missing_project_meta_returns_none ... ok
test cache::tests::test_bc_6_2_016_localappdata_env_fallback ... ok
test cache::tests::read_missing_workspace_cache_returns_none ... ok
test cache::tests::test_bc_6_2_017_cache_dir_seam_overrides_path ... ok
test cache::tests::test_bc_6_2_017_config_seam_does_not_affect_cache ... ok
test cache::tests::test_bc_6_2_017_empty_cache_dir_uses_os_path ... ok
test cache::tests::test_write_cmdb_fields_cache_swallow_io_error_returns_ok ... ok
test cache::tests::test_write_fields_cache_swallow_io_error_returns_ok ... ok
test cache::tests::test_adr_0018_components_cache_round_trip_and_model_b_writer ... ok
test cache::tests::test_write_object_type_attr_cache_swallow_io_error_returns_ok ... ok
test cache::tests::test_write_request_type_cache_swallows_disk_error ... ok
test cache::tests::test_write_request_type_fields_cache_swallows_disk_error ... ok
test cache::tests::valid_cache_within_ttl ... ok
test cache::tests::write_then_read_cmdb_fields_cache ... ok
test cache::tests::write_then_read_object_type_attr_cache ... ok
test cli::api::tests::test_normalize_path_rejects_empty ... ok
test cli::api::tests::test_normalize_path_rejects_http_url ... ok
test cli::api::tests::test_normalize_path_rejects_https_url ... ok
test cli::api::tests::test_normalize_path_rejects_mixed_case_http ... ok
test cli::api::tests::test_normalize_path_rejects_uppercase_https ... ok
test cache::tests::write_then_read_project_meta ... ok
test cli::api::tests::test_normalize_path_rejects_whitespace_only ... ok
test cli::api::tests::test_normalize_path_with_slash ... ok
test cli::api::tests::test_normalize_path_trims_whitespace ... ok
test cli::api::tests::test_normalize_path_without_slash ... ok
test cli::api::tests::test_parse_header_empty_key ... ok
test cli::api::tests::test_parse_header_no_colon ... ok
test cli::api::tests::test_parse_header_rejects_authorization ... ok
test cli::api::tests::test_parse_header_rejects_authorization_case_insensitive ... ok
test cli::api::tests::test_parse_header_rejects_crlf_injection ... ok
test cli::api::tests::test_parse_header_trims_whitespace ... ok
test cache::tests::write_then_read_returns_data ... ok
test cli::api::tests::test_parse_header_valid ... ok
test cli::api::tests::test_parse_header_value_with_colon ... ok
test cli::api::tests::test_resolve_body_at_file_not_found ... ok
test cli::api::tests::test_resolve_body_at_dash_reads_stdin ... ok
test cli::api::tests::test_resolve_body_inline_json ... ok
test cli::api::tests::test_resolve_body_invalid_json_errors ... ok
test cli::api::tests::test_resolve_body_none ... ok
test cli::assets::schemas::tests::format_attr_type_default_takes_precedence ... ok
test cli::assets::schemas::tests::format_attr_type_default_type ... ok
test cli::api::tests::test_resolve_body_at_file_reads_contents ... ok
test cli::assets::schemas::tests::format_attr_type_reference ... ok
test cli::assets::schemas::tests::format_attr_type_unknown ... ok
test cache::tests::write_then_read_workspace_cache ... ok
test cli::assets::schemas::tests::resolve_schema_ambiguous_match ... ok
test cli::assets::schemas::tests::resolve_schema_case_insensitive_name_match ... ok
test cli::assets::schemas::tests::resolve_schema_duplicate_names_case_insensitive ... ok
test cli::assets::schemas::tests::resolve_schema_duplicate_names_returns_error_with_ids ... ok
test cli::assets::schemas::tests::resolve_schema_exact_id_match ... ok
test cli::assets::schemas::tests::resolve_schema_exact_name_match ... ok
test cli::assets::schemas::tests::resolve_schema_id_takes_priority_over_name ... ok
test cli::assets::schemas::tests::resolve_schema_no_match ... ok
test cli::assets::schemas::tests::resolve_schema_single_substring_is_ambiguous ... ok
test cli::assets::tickets::tests::filter_open_excludes_done ... ok
test cli::assets::tickets::tests::filter_open_includes_no_status ... ok
test cli::assets::tickets::tests::filter_status_ambiguous ... ok
test cli::assets::tickets::tests::filter_status_exact_match ... ok
test cli::assets::tickets::tests::filter_status_excludes_no_status ... ok
test cli::assets::tickets::tests::filter_status_no_match ... ok
test cli::assets::tickets::tests::filter_status_single_substring_is_ambiguous ... ok
test cli::assets::tickets::tests::no_filter_returns_all ... ok
test cli::auth::login::cloud_id_fallback_chain_tests::test_ac_001_explicit_override_takes_precedence_and_is_written ... ok
test cli::auth::login::cloud_id_fallback_chain_tests::test_ac_001_explicit_override_replaces_existing_cloud_id ... ok
test cli::auth::login::cloud_id_fallback_chain_tests::test_ac_003_soft_fail_leaves_existing_cloud_id_untouched ... ok
test cli::auth::login::cloud_id_fallback_chain_tests::test_ac_003_soft_fail_leaves_new_profile_cloud_id_none ... ok
test cli::auth::login::cloud_id_fallback_chain_tests::test_ac_007_mechanism_switch_preserves_stale_cloud_id_on_fetch_failure ... ok
test cli::auth::login::cloud_id_fallback_chain_tests::test_adv_low1_resolve_cloud_id_source_has_no_stdout_macro_or_write ... ok
test cli::auth::login::cloud_id_fallback_chain_tests::test_adv_low4_absent_cloud_id_message_keeps_original_lookup_wording ... ok
test cli::auth::login::cloud_id_fallback_chain_tests::test_adv_low4_preserved_cloud_id_message_names_existing_value_kept ... ok
test cli::auth::login::cloud_id_fallback_chain_tests::test_adv_med_json_mode_fetch_failure_suppresses_diagnostic ... ok
test cli::auth::login::cloud_id_fallback_chain_tests::test_adv_med_json_mode_no_url_configured_suppresses_diagnostic ... ok
test cli::auth::login::cloud_id_fallback_chain_tests::test_adv_med_table_mode_fetch_failure_emits_diagnostic ... ok
test cli::auth::login::cloud_id_fallback_chain_tests::test_adv_med_table_mode_no_url_configured_emits_diagnostic ... ok
test cli::auth::login::cloud_id_fallback_chain_tests::test_ec_1_2_053_1_preserve_none_on_failure_is_still_none ... ok
test cli::auth::login::cloud_id_fallback_chain_tests::test_resolve_cloud_id_writes_named_profile_not_active_profile ... ok
test cli::auth::login::dispatch_decision_tests::test_legacy_none_orphan_clear_target_none_when_nothing_probed ... ok
test cli::auth::login::dispatch_decision_tests::test_legacy_none_orphan_clear_target_none_when_same_mechanism ... ok
test cli::auth::login::dispatch_decision_tests::test_legacy_none_orphan_clear_target_some_when_switching_mechanism ... ok
test cli::auth::tests::auth_flow_labels_match_config_and_json_conventions ... ok
test cli::auth::login::cloud_id_fallback_chain_tests::test_ac_005_fetch_success_overwrites_cloud_id ... ok
test cli::auth::tests::auth_method_is_api_token_none_treated_as_api_token ... ok
test cli::auth::tests::auth_method_is_api_token_false_for_oauth ... ok
test cli::auth::tests::auth_method_is_api_token_true_for_explicit_api_token ... ok
test cli::auth::tests::b1_brand_new_oauth_profile_login_failure_logout_routes_to_oauth_branch ... ok
test cli::auth::tests::chosen_flow_defaults_to_token_when_unset ... ok
test cli::auth::tests::chosen_flow_for_profile_inspects_passed_profile_not_active ... ok
test cli::auth::tests::chosen_flow_uses_oauth_when_config_says_so ... ok
test cli::auth::tests::chosen_flow_uses_token_for_explicit_api_token ... ok
test cli::auth::tests::default_oauth_scopes_pins_the_full_set_with_offline_access ... ok
test cli::auth::tests::list_json_shape ... ok
test cli::auth::tests::login_create_new_profile_no_input_requires_url ... ok
test cli::auth::login::cloud_id_fallback_chain_tests::test_ac_007_mechanism_switch_overwrites_stale_cloud_id_on_fetch_success ... ok
test cli::auth::tests::login_create_new_profile_with_url_succeeds ... ok
test cli::auth::tests::login_existing_profile_with_url_updates_url ... ok
test cli::auth::tests::login_falls_back_to_active_profile_name_not_default_profile_field ... ok
test cli::auth::tests::mark_auth_method_if_new_leaves_legacy_none_labelled_profile_with_stored_credentials_untouched ... ok
test cli::auth::tests::mark_auth_method_if_new_leaves_switching_profile_untouched ... ok
test cli::auth::tests::mark_auth_method_if_new_sets_method_for_brand_new_profile ... ok
test cli::auth::tests::peek_oauth_app_source_embedded_when_no_keychain ... ok
test cli::auth::tests::peek_oauth_app_source_keychain_wins ... ok
test cli::auth::tests::peek_oauth_app_source_none_when_nothing_resolves ... ok
test cli::auth::tests::reconcile_legacy_none_outgoing_credentials_noop_when_nothing_was_stored ... ok
test cli::auth::tests::reconcile_legacy_none_outgoing_credentials_noop_when_probed_kind_matches_new_method ... ok
test cli::auth::tests::refresh_payload_pins_oauth_shape ... ok
test cli::auth::tests::refresh_payload_pins_token_shape ... ok
test cli::auth::tests::remove_active_profile_returns_error ... ok
test cli::auth::tests::remove_existing_non_active_profile_succeeds ... ok
test cli::auth::tests::remove_unknown_profile_returns_error ... ok
test cli::auth::login::cloud_id_fallback_chain_tests::test_adv_low1_no_diagnostic_returned_on_override_or_fetch_success ... ok
test cli::auth::tests::resolve_credential_falls_back_to_env_when_flag_absent ... ok
test cli::auth::tests::resolve_credential_ignores_empty_flag_and_env ... ok
test cli::auth::tests::resolve_credential_oauth_hint_appears_in_error ... ok
test cli::auth::tests::resolve_credential_no_input_errors_when_missing ... ok
test cli::auth::tests::resolve_credential_prefers_flag_over_env ... ok
test cli::auth::tests::resolve_logout_target_defaults_to_active ... ok
test cli::auth::tests::resolve_oauth_app_credentials_embedded_when_no_user_input ... ok
test cli::auth::tests::resolve_oauth_app_credentials_env_wins_over_keychain ... ok
test cli::auth::tests::resolve_oauth_app_credentials_flag_wins ... ok
test cli::auth::tests::resolve_oauth_app_credentials_keychain_wins_over_embedded ... ok
test cli::auth::tests::resolve_oauth_app_credentials_no_input_errors_when_all_absent ... ok
test cli::auth::tests::resolve_oauth_app_credentials_partial_env_id_errors ... ok
test cli::auth::tests::resolve_oauth_app_credentials_partial_env_secret_errors ... ok
test cli::auth::tests::resolve_oauth_app_credentials_partial_flag_id_errors ... ok
test cli::auth::tests::resolve_oauth_app_credentials_partial_flag_secret_errors ... ok
test cli::auth::tests::resolve_oauth_scopes_empty_string_is_config_error ... ok
test cli::auth::tests::resolve_oauth_scopes_does_not_validate_scope_shape ... ok
test cli::auth::tests::resolve_oauth_scopes_inspects_passed_profile_not_active ... ok
test cli::auth::tests::resolve_oauth_scopes_none_returns_default ... ok
test cli::auth::tests::resolve_oauth_scopes_trims_and_collapses_whitespace ... ok
test cli::auth::tests::resolve_oauth_scopes_whitespace_only_is_config_error ... ok
test cli::auth::tests::should_mark_auth_method_before_attempt_false_when_none_labelled_profile_has_stored_credentials ... ok
test cli::auth::tests::should_mark_auth_method_before_attempt_false_when_switching_from_established_method ... ok
test cli::auth::tests::should_mark_auth_method_before_attempt_true_for_brand_new_profile ... ok
test cli::auth::tests::switch_to_unknown_profile_returns_error ... ok
test cli::auth::tests::switch_to_known_profile_mutates_default_profile ... ok
test cli::auth::tests::list_table_snapshot ... ok
test cli::auth::tests::test_auth_logout_json_shape ... ok
test cli::auth::tests::test_auth_login_json_shape ... ok
test cli::auth::tests::test_bc_1_6_049_both_renderers_share_derive_auth_state_call_site ... ok
test cli::auth::tests::test_auth_remove_json_shape ... ok
test cli::auth::tests::test_auth_switch_json_shape ... ok
test cli::auth::tests::test_bc_1_6_048_derive_auth_state_is_pure_no_io ... ok
test cli::auth::tests::test_bc_1_6_049_list_probes_at_most_once_per_url_profile ... ok
test cli::auth::tests::test_bc_1_6_049_list_json_schema_unchanged_except_status_values ... ok
test cli::auth::tests::test_bc_1_6_050_json_field_names_match_list_json ... ok
test cli::auth::tests::test_bc_1_6_050_status_json_env_verbatim_lossless ... ok
test cli::auth::tests::test_bc_1_6_049_list_status_column_is_plain_text_no_ansi ... ok
test cli::auth::tests::test_bc_1_6_050_status_json_full_schema_api_token ... ok
test cli::auth::tests::test_bc_1_6_050_status_json_oauth_app_null_when_api_token ... ok
test cli::auth::tests::test_bc_1_6_050_status_json_oauth_app_present_when_oauth ... ok
test cli::auth::tests::test_bc_1_6_050_status_json_routes_through_render_json_pretty ... ok
test cli::auth::tests::test_bc_1_6_049_list_status_derives_from_probe_not_url ... ok
test cli::auth::tests::test_default_oauth_scopes_include_servicedesk_request ... ok
test cli::auth::tests::test_refresh_success_payload_emits_status_refreshed_for_oauth_flow ... ok
test cli::auth::tests::test_refresh_success_payload_emits_status_refreshed_for_token_flow ... ok
test cli::auth::tests::test_render_env_column_none_renders_dash_placeholder ... ok
test cli::auth::tests::test_render_env_column_hostile_value_delegates_to_shared_sanitizer ... ok
test cli::auth::tests::test_render_env_column_ordinary_value_renders_unchanged ... ok
test cli::auth::tests::test_render_env_column_some_empty_renders_blank_not_dash ... ok
test cli::auth::tests::test_render_env_line_hostile_value_delegates_to_shared_sanitizer ... ok
test cli::auth::tests::test_render_env_line_none_renders_dash_placeholder ... ok
test cli::auth::tests::test_render_env_line_ordinary_value_renders_unchanged ... ok
test cli::auth::tests::test_render_env_line_some_empty_renders_blank_not_dash ... ok
test api::client::sanitize_tests::test_serialize_value_bounded_caps_deeply_nested_value ... ok
test cli::auth::tests::test_render_list_json_env_key_is_verbatim_and_never_omitted ... ok
test cli::auth::tests::test_s_1_08_ac005_keychain_wins_over_embedded_when_both_present ... ok
test cli::auth::tests::test_render_list_table_headers_include_env_between_url_and_auth ... ok
test cli::auth::tests::test_s_1_08_ac005_embedded_fallback_when_no_keychain ... ok
test cli::auth::tests::test_s_1_08_ac005_keychain_wins_when_only_keychain_present ... ok
test cli::auth::tests::test_s_1_08_ac005_none_when_no_source_resolved ... ok
test cli::board::tests::build_kanban_jql_escapes_special_characters ... ok
test cli::board::tests::build_kanban_jql_with_project ... ok
test cli::board::tests::build_kanban_jql_without_project ... ok
test cli::board::tests::test_rewrite_agile_scope_error_fires_for_init_list_boards_scope_string ... ok
test cli::board::tests::test_rewrite_agile_scope_error_fires_through_context_wrapped_chain ... ok
test cli::board::tests::test_rewrite_agile_scope_error_passes_through_non_jrerror_unchanged ... ok
test cli::board::tests::test_rewrite_agile_scope_error_passes_through_non_insufficient_scope_jrerror_unchanged ... ok
test cli::field::tests::test_bc_x_14_001_cascading_children_round_trip_m3 ... ok
test cli::field::tests::test_bc_x_14_001_is_customfield_literal_accepts_and_rejects ... ok
test cli::field::tests::test_bc_x_14_001_non_cascading_m3_entry_has_empty_children ... ok
test cli::field::tests::test_bc_x_14_001_cascading_children_round_trip_m1_m2 ... ok
test cli::field::tests::test_bc_x_14_001_normalizer_from_valid_values_never_drops_degenerate_entries ... ok
test cli::field::tests::test_bc_x_14_001_normalize_from_allowed_values_depth_cap_truncates_children_beyond_256 ... ok
test cli::field::tests::test_bc_x_14_001_normalizer_never_drops_degenerate_entries ... ok
test cli::field::tests::test_bc_x_14_001_resolve_field_context_exhaustive_8_combinations ... ok
test cli::field::tests::test_bc_x_14_001_resolve_field_context_has_no_project_parameter ... ok
test cli::field::tests::test_bc_x_14_001_resolve_field_id_customfield_literal_bypasses_http ... ok
test cli::field::tests::test_bc_x_14_001_resolve_m2_project_falls_back_to_config_default ... ok
test cli::field::tests::test_bc_x_14_001_resolve_m2_project_flag_wins ... ok
test cli::field::tests::test_bc_x_14_001_resolve_m2_project_neither_present_returns_none ... ok
test cli::field::tests::test_bc_x_14_001_resolve_request_type_id_exact_multiple_is_err ... ok
test cli::field::tests::test_bc_x_14_001_search_field_list_case_insensitive ... ok
test cli::field::tests::test_bc_x_14_001_search_field_list_exact_multiple_is_err ... ok
test cli::field::tests::test_bc_x_14_001_search_field_list_exact_single_match ... ok
test cli::field::tests::test_bc_x_14_001_search_field_list_substring_multiple_is_err ... ok
test cli::field::tests::test_bc_x_14_001_search_field_list_substring_single_match ... ok
test cli::field::tests::test_bc_x_14_001_search_field_list_zero_match_returns_none ... ok
test api::auth_windows_store::tests::proptests::prop_envelope_wrap_unwrap_round_trip ... ok
test cli::field::tests::test_bc_x_14_001_resolve_field_context_arity_proptest ... ok
test cli::field::tests::test_bc_x_14_002_value_empty_string_is_identity_filter_including_degenerate ... ok
test cli::field::tests::test_bc_x_14_002_value_filter_cascading_child_retains_parent_context ... ok
test cli::field::tests::test_bc_x_14_002_value_filter_case_insensitive_id_or_label ... ok
test cli::field::tests::test_bc_x_14_002_value_filter_parent_match_retains_all_children_unfiltered ... ok
test cli::field::tests::test_bc_x_14_002_value_none_returns_unchanged ... ok
test cli::field::tests::test_bc_x_14_002_value_nonempty_excludes_fully_degenerate_entry ... ok
test cli::field::tests::test_bc_x_14_002_value_partial_field_none_still_matches_remaining_field ... ok
test cli::field::tests::test_bc_x_14_003_field_option_json_serializes_none_as_null_not_omitted ... ok
test cli::field::tests::test_bc_x_14_003_render_option_rows_degenerate_glyphs ... ok
test cli::field::tests::test_bc_x_14_003_render_option_rows_exact_indent_three_levels_deep ... ok
test cli::field::tests::test_bc_x_14_003_render_option_rows_two_columns_and_cascading_indent ... ok
test cli::field::tests::test_bc_x_14_004_is_dynamic_negative_control_generic_hint ... ok
test cli::field::tests::test_bc_x_14_004_is_dynamic_sole_trigger_autocompleteurl_only ... ok
test cli::field::tests::test_bc_x_14_004_is_dynamic_sole_trigger_custom_approv ... ok
test cli::field::tests::test_bc_x_14_004_is_dynamic_sole_trigger_custom_userpicker ... ok
test cli::field::tests::test_bc_x_14_004_is_dynamic_sole_trigger_field_type_user ... ok
test cli::field::tests::test_bc_x_14_004_is_dynamic_sole_trigger_system_labels ... ok
test cli::issue::attachments::tests::proptest_sanitize::prop_sanitize_attachment_filename_no_path_traversal ... ok
test cli::issue::attachments::tests::test_batch_path_is_within_dir_accepts_child_path ... ok
test cli::issue::attachments::tests::test_batch_path_is_within_dir_rejects_path_outside_base ... ok
test cli::issue::attachments::tests::test_bc_2_7_012_classify_generic_fallback ... ok
test cli::issue::attachments::tests::test_bc_2_7_012_classify_permission_denied_perm_prefix ... ok
test cli::issue::attachments::tests::test_bc_2_7_012_classify_quota_exceeded_disk_full_prefix ... ok
test cli::issue::attachments::tests::test_bc_2_7_012_classify_read_only_filesystem_perm_prefix ... ok
test cli::issue::attachments::tests::test_bc_2_7_012_classify_storage_full_disk_full_prefix ... ok
test cli::issue::attachments::tests::test_bc_3_9_019_0d_is_err ... ok
test cli::issue::attachments::tests::test_bc_3_9_019_2h_exact ... ok
test cli::issue::attachments::tests::test_bc_3_9_019_2w_equals_336_hours ... ok
test cli::issue::attachments::tests::test_bc_3_9_019_30m_exact ... ok
test cli::issue::attachments::tests::test_bc_3_9_019_ec_8_parse_age_duration_1d_is_24h ... ok
test cli::issue::attachments::tests::test_bc_3_9_019_p2_001_chrono_band_1e12d_is_err ... ok
test cli::issue::attachments::tests::test_bc_3_9_019_p6_001_datetime_band_1e11d_is_err ... ok
test cli::issue::attachments::tests::test_display_sanitize_filename_ascii_control_nul ... ok
test cli::issue::attachments::tests::test_display_sanitize_filename_ascii_control_range ... ok
test cli::issue::attachments::tests::test_display_sanitize_filename_bidi_range_202a_202e ... ok
test cli::issue::attachments::tests::test_display_sanitize_filename_bidi_range_2066_2069 ... ok
test cli::issue::attachments::tests::test_display_sanitize_filename_bidi_rlo_u202e ... ok
test cli::issue::attachments::tests::test_display_sanitize_filename_del_0x7f ... ok
test cli::issue::attachments::tests::test_display_sanitize_filename_line_sep_u2028 ... ok
test cli::issue::attachments::tests::test_display_sanitize_filename_mixed_safe_and_dangerous ... ok
test cli::issue::attachments::tests::test_display_sanitize_filename_nel_u0085 ... ok
test cli::issue::attachments::tests::test_display_sanitize_filename_para_sep_u2029 ... ok
test cli::issue::attachments::tests::test_display_sanitize_filename_passthrough_safe_chars ... ok
test cli::issue::attachments::tests::test_f5_r3_002_batch_path_is_within_dir_accepts_non_canonical_base ... ok
test cli::issue::attachments::tests::test_floor_char_boundary_at_limit_inside_multibyte_char ... ok
test cli::issue::attachments::tests::test_format_author_display_name_preferred ... ok
test cli::issue::attachments::tests::test_format_author_empty_display_name_and_empty_account_id_returns_anonymous ... ok
test cli::issue::attachments::tests::test_format_author_empty_display_name_falls_through_to_account_id ... ok
test cli::issue::attachments::tests::test_format_author_falls_back_to_account_id ... ok
test cli::issue::attachments::tests::test_format_author_none_returns_anonymous ... ok
test cli::issue::attachments::tests::test_format_size_1gb ... ok
test cli::issue::attachments::tests::test_format_size_2mb ... ok
test cli::issue::attachments::tests::test_format_size_bytes ... ok
test cli::issue::attachments::tests::test_format_size_kb_1024 ... ok
test cli::issue::attachments::tests::test_format_size_kb_exact ... ok
test cli::issue::attachments::tests::test_format_size_mb ... ok
test cli::issue::attachments::tests::test_glob_match_case_insensitive ... ok
test cli::issue::attachments::tests::test_glob_match_exact_no_wildcard ... ok
test cli::issue::attachments::tests::test_glob_match_name_pattern ... ok
test cli::issue::attachments::tests::test_glob_match_question_mark_case_insensitive ... ok
test cli::issue::attachments::tests::test_glob_match_question_mark_in_filename ... ok
test cli::issue::attachments::tests::test_glob_match_question_mark_single_char ... ok
test cli::issue::attachments::tests::test_glob_match_star_crosses_slash ... ok
test cli::issue::attachments::tests::test_is_windows_device_name_basename_com0_not_device_name ... ok
test cli::issue::attachments::tests::test_is_windows_device_name_basename_len5_com_prefix_not_device ... ok
test cli::issue::attachments::tests::test_sanitize_attachment_filename_colon_replaced_not_stripped ... ok
test cli::issue::attachments::tests::test_sanitize_attachment_filename_dot_returns_none ... ok
test cli::issue::attachments::tests::test_sanitize_attachment_filename_dotdot_returns_none ... ok
test cli::issue::attachments::tests::test_sanitize_attachment_filename_empty_returns_none ... ok
test cli::issue::attachments::tests::test_sanitize_attachment_filename_long_name_truncated ... ok
test cli::issue::attachments::tests::test_sanitize_attachment_filename_multibyte_char_at_boundary ... ok
test cli::issue::attachments::tests::test_sanitize_attachment_filename_nul_byte_returns_none ... ok
test cli::issue::attachments::tests::test_sanitize_attachment_filename_nul_txt_passes_through ... ok
test cli::issue::attachments::tests::test_sanitize_attachment_filename_path_traversal_absolute ... ok
test cli::issue::attachments::tests::test_sanitize_attachment_filename_path_traversal_relative ... ok
test cli::issue::attachments::tests::test_sanitize_attachment_filename_pure_backslash_scrubbed_to_underscores ... ok
test cli::issue::attachments::tests::test_sanitize_attachment_filename_trailing_dot_stripped ... ok
test cli::issue::attachments::tests::test_sanitize_attachment_filename_trailing_space_stripped ... ok
test cli::issue::attachments::tests::test_sanitize_attachment_filename_windows_device_com1_passes_through ... ok
test cli::issue::attachments::tests::test_sanitize_attachment_filename_windows_device_con_passes_through ... ok
test cli::issue::attachments::tests::test_sanitize_attachment_filename_windows_device_nul_passes_through ... ok
test cli::issue::attachments::tests::test_sanitize_attachment_filename_windows_path ... ok
test cli::issue::attachments::tests::test_serialize_attachment_curated_exact_keys ... ok
test cli::issue::attachments::tests::test_serialize_attachment_curated_null_author_when_none ... ok
test cli::issue::attachments::tests::test_serialize_attachment_curated_null_mimetype_when_none ... ok
test cli::issue::attachments::tests::test_serialize_attachment_curated_omits_self ... ok
test cli::issue::attachments::tests::test_serialize_attachment_curated_renames_content_to_content_url ... ok
test cli::issue::attachments::tests::test_serialize_attachment_curated_size_is_integer ... ok
test cli::issue::attachments::tests::test_write_error_display_strings_bare_filename_kills_both_mutants ... ok
test cli::issue::attachments::tests::test_write_error_display_strings_normal_path_kills_mutant1 ... ok
test cli::issue::changelog::tests::author_matches_null_author_always_false ... ok
test cli::issue::changelog::tests::author_matches_respects_account_id_exact ... ok
test cli::issue::changelog::tests::author_matches_substring_handles_empty_account_id ... ok
test cli::issue::changelog::tests::author_matches_substring_handles_empty_display_name ... ok
test cli::issue::changelog::tests::author_matches_substring_hits_account_id_case_insensitive ... ok
test cli::issue::changelog::tests::author_matches_substring_hits_display_name_case_insensitive ... ok
test cli::issue::changelog::tests::author_matches_substring_hits_unicode_display_name ... ok
test cli::issue::changelog::tests::author_matches_substring_misses_when_absent ... ok
test cli::issue::changelog::tests::build_rows_flattens_items_in_order ... ok
test cli::issue::changelog::tests::build_rows_uses_system_for_null_author ... ok
test cli::issue::changelog::tests::field_filter_semantics_at_item_level ... ok
test cli::issue::changelog::tests::format_date_converts_rfc3339_to_local ... ok
test cli::issue::changelog::tests::format_date_falls_back_to_raw_on_parse_failure ... ok
test cli::issue::changelog::tests::from_raw_colon_forces_accountid_regardless_of_heuristics ... ok
test cli::issue::changelog::tests::from_raw_long_alpha_only_name_is_substring ... ok
test cli::issue::changelog::tests::from_raw_long_compound_name_is_substring ... ok
test cli::issue::changelog::tests::from_raw_long_cyrillic_name_with_digit_is_substring ... ok
test cli::issue::changelog::tests::from_raw_long_hyphenated_name_is_substring ... ok
test cli::issue::changelog::tests::from_raw_long_name_with_digit_is_accountid ... ok
test cli::issue::changelog::tests::from_raw_long_unicode_name_is_substring ... ok
test cli::issue::changelog::tests::from_raw_long_unicode_name_with_digit_is_substring ... ok
test cli::issue::changelog::tests::from_raw_old_hex_accountid_is_accountid ... ok
test cli::issue::changelog::tests::from_raw_short_hyphenated_name_is_substring ... ok
test cli::issue::changelog::tests::from_raw_treats_colon_string_as_accountid ... ok
test cli::issue::changelog::tests::from_raw_treats_short_name_as_substring ... ok
test cli::issue::changelog::tests::from_raw_twelve_char_boundary_no_digit_is_substring ... ok
test cli::issue::changelog::tests::from_raw_twelve_char_boundary_with_digit_is_accountid ... ok
test cli::issue::changelog::tests::from_raw_unknown_placeholder_is_substring ... ok
test cli::issue::changelog::tests::from_to_display_empty_string_falls_back_to_raw ... ok
test cli::issue::changelog::tests::from_to_display_prefers_string_over_raw ... ok
test cli::issue::changelog::tests::from_to_display_renders_em_dash_for_empty ... ok
test cli::issue::changelog::tests::lowered_str_equality_is_case_invariant ... ok
test cli::issue::changelog::tests::lowered_str_normalizes_input_on_construction ... ok
test cli::issue::changelog::tests::parse_created_accepts_both_offset_formats ... ok
test cli::issue::changelog::tests::sort_uses_parsed_datetime_across_mixed_offset_formats ... ok
test cli::issue::changelog::tests::truncate_to_rows_handles_cap_zero ... ok
test cli::issue::changelog::tests::truncate_to_rows_partial_trim_inside_entry ... ok
test cli::issue::changelog::tests::truncate_to_rows_trims_last_entry_partially ... ok
test cli::issue::create::field_value_kind_tests::test_bc_3_4_026_bare_form_no_kind_tag_unchanged ... ok
test cli::issue::create::field_value_kind_tests::test_bc_3_4_026_colon_in_name_with_whitespace_after_falls_back_to_bare_form ... ok
test cli::issue::create::field_value_kind_tests::test_bc_3_4_026_first_equals_then_last_colon_split ... ok
test cli::issue::create::field_value_kind_tests::test_bc_3_4_026_kind_validation_case_sensitive_lowercase_only ... ok
test cli::issue::create::field_value_kind_tests::test_bc_3_4_026_last_wins_across_kinds_single_map_entry ... ok
test cli::issue::create::field_value_kind_tests::test_bc_3_4_026_multi_colon_name_isolates_kind_from_last_colon ... ok
test cli::issue::create::field_value_kind_tests::test_bc_3_4_026_parse_field_kv_returns_field_value_spec_map ... ok
test cli::issue::create::field_value_kind_tests::test_bc_3_4_031_ec1_unknown_kind_exits_64 ... ok
test cli::issue::create::field_value_kind_tests::test_bc_3_4_031_ec2a_empty_asset_value_passes_through_parser_level ... ok
test cli::issue::create::field_value_kind_tests::test_bc_3_4_031_ec5_empty_kind_segment_treated_as_unknown_kind ... ok
test cli::issue::create::field_value_kind_tests::test_bc_3_4_031_ec6_colon_in_value_resolves_normally ... ok
test cli::issue::create::field_value_kind_tests::test_bc_3_4_031_ec7_multi_colon_name_fires_unknown_kind_not_other_error ... ok
test cli::issue::create::field_value_kind_tests::test_bc_3_4_031_ec8_empty_id_value_passes_through_parser ... ok
test cli::issue::create::field_value_kind_tests::test_bc_3_4_031_ec9_empty_name_value_passes_through_parser ... ok
test cli::issue::create::field_value_kind_tests::test_bc_3_4_031_option_empty_value_passes_through_parser ... ok
test cli::issue::create::field_value_kind_tests::test_bc_3_8_008_missing_equals_error_includes_actionable_guidance ... ok
test cli::issue::create::field_value_kind_tests::test_field_hint_multibyte_kind_and_value_no_panic ... ok
test cli::field::tests::test_bc_x_14_001_normalize_from_valid_values_depth_cap_truncates_children_beyond_256 ... ok
test adf::tests::prop_task_list_markdown_always_valid_adf ... ok
test adf::tests::test_markdown_to_adf_depth_256_nested_list_is_err ... ok
test cli::field::tests::test_bc_x_14_002_filter_options_empty_string_and_none_are_identity ... ok
test adf::tests::test_markdown_to_adf_depth_257_nested_list_is_err ... ok
test cli::field::tests::test_bc_x_14_002_filter_options_never_panics_and_is_narrowing ... ok
test cli::issue::create::parse_field_kv_proptests::prop_field_hint_split_no_panic ... ok
test cli::issue::create::parse_field_kv_proptests::prop_parse_field_kv_empty_value_allowed ... ok
test api::auth_windows_store::tests::proptests::prop_envelope_encode_decode_round_trip ... ok
test cli::issue::edit::test_project_key_extraction::test_project_key_extraction_different_projects ... ok
test cli::issue::edit::test_project_key_extraction::test_project_key_extraction_same_project_no_cross_project ... ok
test cli::issue::edit::test_project_key_extraction::test_project_key_from_issue_key_empty_string ... ok
test cli::issue::edit::test_project_key_extraction::test_project_key_from_issue_key_multi_char ... ok
test cli::issue::edit::test_project_key_extraction::test_project_key_from_issue_key_no_hyphen ... ok
test cli::issue::edit::test_project_key_extraction::test_project_key_from_issue_key_same_project_second_key ... ok
test cli::issue::edit::test_project_key_extraction::test_project_key_from_issue_key_simple ... ok
test cli::issue::edit::test_project_key_extraction::test_project_key_from_issue_key_trailing_hyphen ... ok
test cli::issue::edit::tests::missing_project_returns_user_error ... ok
test cli::issue::edit::tests::test_343_every_edit_field_is_categorized ... ok
test cli::issue::edit::tests::test_343_extractor_tolerates_no_trailing_comma ... ok
test cli::issue::edit::tests::test_343_extractor_tolerates_trailing_comment_on_closing ... ok
test cli::issue::edit::tests::test_343_extractor_tolerates_trailing_whitespace_on_closing ... ok
test cli::issue::edit::tests::test_label_conflict_block_extractor_pin_14_members ... ok
test cli::issue::edit::tests::test_label_conflict_block_lists_every_relevant_flag ... ok
test cli::issue::field_resolve::tests::parsed_number_to_wire_value_fractional_emits_f64 ... ok
test cli::issue::field_resolve::tests::parsed_number_to_wire_value_negative_whole_emits_i64 ... ok
test cli::issue::field_resolve::tests::parsed_number_to_wire_value_out_of_i64_range_emits_f64 ... ok
test cli::issue::field_resolve::tests::parsed_number_to_wire_value_scientific_whole_emits_i64 ... ok
test cli::issue::field_resolve::tests::parsed_number_to_wire_value_whole_emits_i64 ... ok
test cli::issue::field_resolve::tests::parsed_number_to_wire_value_zero_emits_i64 ... ok
test cli::issue::create::parse_field_kv_proptests::prop_field_hint_value_bytes_preserved ... ok
test cli::issue::create::parse_field_kv_proptests::prop_parse_field_kv_first_equals_split ... ok
test cli::issue::field_resolve::tests::test_adf_empty_guard_fires_only_on_bare_form_not_hinted_platform ... ok
test cli::issue::field_resolve::tests::test_bc_3_4_033_dispatch_field_value_multiline_uses_hardbreak ... ok
test cli::issue::create::parse_field_kv_proptests::prop_parse_field_kv_no_panic_on_arbitrary_input ... ok
test cli::issue::field_resolve::tests::test_bc_3_4_033_is_adf_field_allowlist_positive_and_negative_anchors ... ok
test cli::issue::field_resolve::tests::test_bc_3_4_033_is_adf_field_value_delegates_to_allowlist ... ok
test cli::issue::field_resolve::tests::test_parsed_number_to_wire_value_strict_lower_excludes_negative_two_to_the_63_in_stage2 ... ok
test cli::issue::field_resolve::tests::test_parsed_number_to_wire_value_strict_upper_excludes_two_to_the_63 ... ok
test cli::issue::field_resolve::tests::test_s421_decimal_form_of_i64_max_uses_stage_1_5_and_emits_i64 ... ok
test cli::issue::field_resolve::tests::test_s421_decimal_form_of_i64_min_uses_stage_1_5_and_emits_i64 ... ok
test cli::issue::field_resolve::tests::test_s421_i64_max_emits_i64 ... ok
test cli::issue::field_resolve::tests::test_s421_i64_max_plus_one_emits_f64 ... ok
test cli::issue::field_resolve::tests::test_s421_i64_min_emits_i64 ... ok
test cli::issue::field_resolve::tests::test_s421_i64_min_minus_one_emits_f64 ... ok
test cli::issue::field_resolve::tests::test_s421_scientific_notation_one_e_ten_emits_i64 ... ok
test cli::issue::field_resolve::tests::test_s421_stage_1_5_decimal_form_overflow_falls_through_to_f64 ... ok
test cli::issue::field_resolve::tests::test_strip_integer_decimal_suffix_recognizes_trailing_zeros ... ok
test cli::issue::field_resolve::tests::test_s421_two_to_53_plus_one_emits_exact_i64_no_precision_loss ... ok
test cli::issue::field_resolve::tests::test_strip_integer_decimal_suffix_rejects_non_integer_decimals ... ok
test cli::issue::field_resolve::tests::test_strip_integer_decimal_suffix_rejects_malformed_input ... ok
test cli::issue::format::tests::format_comment_date_malformed_returns_raw ... ok
test cli::issue::format::tests::format_comment_date_jira_offset_no_colon ... ok
test cli::issue::format::tests::format_comment_date_rfc3339 ... ok
test cli::issue::format::tests::format_comment_row_missing_author ... ok
test cli::issue::format::tests::format_comment_row_missing_body ... ok
test cli::issue::format::tests::format_points_decimal ... ok
test cli::issue::format::tests::format_points_non_finite ... ok
test cli::issue::format::tests::format_points_whole_number ... ok
test cli::issue::format::tests::test_issue_table_headers_full_order_with_all_optional_columns ... ok
test cli::issue::format::tests::test_render_due_date_returns_dash_when_empty_string ... ok
test cli::issue::format::tests::test_render_due_date_returns_dash_when_none ... ok
test cli::issue::format::tests::test_render_due_date_returns_verbatim_string_when_present ... ok
test cli::issue::format::tests::test_format_issue_row_all_optional_columns_present_matches_header_order ... ok
test cli::issue::helpers::tests::disambiguate_ambiguous_no_input_errors_with_candidates ... ok
test cli::issue::helpers::tests::disambiguate_empty_list_returns_error ... ok
test cli::issue::helpers::tests::disambiguate_exact_match ... ok
test cli::issue::helpers::tests::disambiguate_exact_multiple_no_input_errors_with_details ... ok
test cli::issue::helpers::tests::disambiguate_no_match_uses_none_msg_fn ... ok
test cli::issue::helpers::tests::disambiguate_single_user_returns_directly ... ok
test cli::issue::helpers::tests::extra_fields_for_issue_composes_sp_team_and_cmdb ... ok
test cli::issue::helpers::tests::extra_fields_for_issue_omits_unset_optionals ... ok
test cli::issue::edit::is_cross_hierarchy_type_error_proptests::prop_cross_hierarchy_decided_by_subtask_flag_mismatch ... ok
test cli::issue::helpers::tests::is_me_keyword_lowercase ... ok
test cli::issue::helpers::tests::is_me_keyword_mixed_case ... ok
test cli::issue::helpers::tests::is_me_keyword_not_me ... ok
test cli::issue::helpers::tests::is_me_keyword_uppercase ... ok
test cli::issue::helpers::tests::is_team_uuid_accepts_mixed_case_hex ... ok
test cli::issue::helpers::tests::is_team_uuid_accepts_standard_uuid ... ok
test cli::issue::helpers::tests::is_team_uuid_accepts_uppercase_hex ... ok
test cli::issue::helpers::tests::is_team_uuid_rejects_hyphens_in_wrong_position_at_36_chars ... ok
test cli::issue::helpers::tests::is_team_uuid_rejects_missing_hyphen ... ok
test cli::issue::helpers::tests::is_team_uuid_rejects_non_hex ... ok
test cli::issue::helpers::tests::is_team_uuid_rejects_non_hex_at_hex_position ... ok
test cli::issue::helpers::tests::is_team_uuid_rejects_plausible_team_name_with_hyphens ... ok
test cli::issue::helpers::tests::is_team_uuid_rejects_wrong_length ... ok
test cli::issue::helpers::tests::test_bc_8_4_001_resolve_component_delegates_to_partial_match_for_names ... ok
test cli::issue::helpers::tests::test_bc_8_4_001_resolve_component_empty_input_is_not_exact ... ok
test cli::issue::helpers::tests::test_bc_8_4_001_resolve_component_numeric_bypass_zero_partial_match_calls ... ok
test cli::issue::helpers::tests::test_bc_8_4_002_resolve_component_unknown_name_message_and_zero_http ... ok
test cli::issue::helpers::tests::test_bc_8_4_003_resolve_component_ambiguous_name_message_and_zero_http ... ok
test cli::issue::helpers::tests::test_bc_8_4_005_resolve_component_case_only_duplicates_exact_multiple ... ok
test cli::issue::interactions::tests::test_bc_3_5_010_format_restricted_empty_type_with_identifier_returns_none ... ok
test cli::issue::interactions::tests::test_bc_3_5_010_format_restricted_rung_c_id_type_plus_identifier ... ok
test cli::issue::interactions::tests::test_bc_3_5_010_jsm_internal_stringly_typed_returns_na ... ok
test cli::issue::interactions::tests::test_bc_3_5_010_jsm_internal_unknown_key_only_returns_na ... ok
test cli::issue::interactions::tests::test_validate_comment_id_accepts_alphanumeric ... ok
test cli::issue::interactions::tests::test_validate_comment_id_accepts_hyphen ... ok
test cli::issue::interactions::tests::test_validate_comment_id_accepts_mixed ... ok
test cli::issue::interactions::tests::test_validate_comment_id_accepts_numeric ... ok
test cli::issue::interactions::tests::test_validate_comment_id_accepts_underscore ... ok
test cli::issue::interactions::tests::test_validate_comment_id_rejects_dot ... ok
test cli::issue::interactions::tests::test_validate_comment_id_rejects_empty ... ok
test cli::issue::interactions::tests::test_validate_comment_id_rejects_slash ... ok
test cli::issue::interactions::tests::test_validate_comment_id_rejects_space ... ok
test cli::issue::jsm_create::adf_resolution_tests::test_adf_empty_guard_fires_only_on_bare_form_not_hinted_jsm ... ok
test cli::issue::jsm_create::adf_resolution_tests::test_bc_3_8_019_is_adf_field_value_receives_inner_schema_not_double_nested ... ok
test cli::issue::jsm_create::adf_resolution_tests::test_bc_3_8_019_jsm_description_extra_field_adf_converted ... ok
test cli::issue::create::parse_field_kv_proptests::prop_parse_field_kv_last_value_wins_on_duplicates ... ok
test cli::issue::jsm_create::adf_resolution_tests::test_bc_3_8_020_is_adf_request_absent_when_no_adf_field_present ... ok
test cli::issue::jsm_create::adf_resolution_tests::test_bc_3_8_020_jsm_textarea_extra_field_adf_converted ... ok
test cli::issue::jsm_create::adf_resolution_tests::test_bc_3_8_021_jsm_empty_adf_field_omitted_isadfrequest_not_accumulated ... ok
test cli::issue::json_output::tests::test_assign_changed ... ok
test cli::issue::json_output::tests::test_assign_unchanged ... ok
test cli::issue::jsm_create::adf_resolution_tests::test_bc_3_8_022_is_adf_request_accumulated_for_adf_field ... ok
test cli::issue::json_output::tests::test_edit_response_empty_changed_fields ... ok
test cli::issue::json_output::tests::test_edit ... ok
test cli::issue::json_output::tests::test_link ... ok
test cli::issue::json_output::tests::test_move_response_changed ... ok
test cli::issue::json_output::tests::test_move_response_unchanged ... ok
test cli::issue::json_output::tests::test_remote_link ... ok
test cli::issue::json_output::tests::test_unassign ... ok
test cli::issue::json_output::tests::test_unassign_unchanged ... ok
test cli::issue::json_output::tests::test_unlink_no_match ... ok
test cli::issue::list::tests::build_jql_base_parts_jql_or_with_project_preserves_scope ... ok
test cli::issue::json_output::tests::test_unlink_success ... ok
test cli::issue::list::tests::build_jql_base_parts_jql_order_by_only_no_project ... ok
test cli::issue::list::tests::build_jql_base_parts_jql_order_by_only_with_project ... ok
test cli::issue::list::tests::build_jql_base_parts_jql_with_order_by_and_project ... ok
test cli::issue::list::tests::build_jql_base_parts_jql_with_project ... ok
test cli::issue::list::tests::build_jql_base_parts_jql_without_project ... ok
test cli::issue::list::tests::build_jql_parts_all_filters ... ok
test cli::issue::list::tests::build_jql_parts_all_filters_with_open ... ok
test cli::issue::list::tests::build_jql_parts_asset_clause ... ok
test cli::issue::list::tests::build_jql_parts_asset_with_assignee ... ok
test cli::issue::list::tests::build_jql_parts_assignee_me ... ok
test cli::issue::list::tests::build_jql_parts_created_after_clause ... ok
test cli::issue::list::tests::build_jql_parts_created_date_range ... ok
test cli::issue::list::tests::build_jql_parts_empty ... ok
test cli::issue::list::tests::build_jql_parts_jql_plus_status_compose ... ok
test cli::issue::list::tests::build_jql_parts_open ... ok
test cli::issue::list::tests::build_jql_parts_open_with_assignee ... ok
test cli::issue::list::tests::build_jql_parts_recent ... ok
test cli::issue::list::tests::build_jql_parts_reporter_account_id ... ok
test cli::issue::list::tests::build_jql_parts_status_escaping ... ok
test cli::issue::list::tests::build_jql_parts_updated_after_and_before_clauses ... ok
test cli::issue::list::tests::extract_unique_status_names_deduplicates_and_sorts ... ok
test cli::issue::list::tests::extract_unique_status_names_empty ... ok
test cli::issue::list::tests::resolve_show_points_flag_false ... ok
test cli::issue::list::tests::resolve_show_points_flag_true_config_missing ... ok
test cli::issue::list::tests::resolve_show_points_flag_true_config_present ... ok
test cli::issue::list::tests::test_bc_2_1_007_build_filter_clauses_component_immediately_after_asset ... ok
test cli::issue::list::tests::test_bc_2_1_007_build_filter_clauses_updated_recent_immediately_after_recent_before_asset ... ok
test cli::issue::list::tests::test_bc_2_1_024_parse_sort_direction_case_insensitive ... ok
test cli::issue::list::tests::test_bc_2_1_024_parse_sort_field_preserved_verbatim_original_casing ... ok
test cli::issue::list::tests::test_bc_2_1_024_parse_sort_malformed_input_exits_64_pre_http ... ok
test cli::issue::list::tests::test_bc_2_1_024_parse_sort_valid_updated_desc ... ok
test cli::issue::list::tests::test_bc_2_1_025_compose_order_by_with_sort_appends_key_asc_secondary ... ok
test cli::issue::list::tests::test_bc_2_1_025_compose_order_by_with_sort_arbitrary_field_passthrough_verbatim ... ok
test cli::issue::list::tests::test_bc_2_1_025_compose_order_by_with_sort_key_field_omits_secondary_clause ... ok
test cli::issue::list::tests::test_bc_2_1_025_compose_order_by_with_sort_key_omission_case_insensitive_field_casing_preserved ... ok
test cli::issue::list::tests::test_bc_4_3_001_bare_oid_key_collides_on_shared_oid ... ok
test cli::issue::list::tests::test_bc_4_3_001_composite_key_preserves_both_workspaces ... ok
test cli::issue::list::tests::test_bc_4_3_001_to_enrich_composite_key_unchanged ... ok
test cli::issue::mentions::tests::test_filter_by_name_match_unicode_case_fold_keeps_both_ambiguous_users ... ok
test cli::issue::workflow::resolution_resolver_tests::resolve_resolution_ambiguous_substring_errors_with_exit_64 ... ok
test cli::issue::workflow::resolution_resolver_tests::resolve_resolution_case_insensitive_exact ... ok
test cli::issue::workflow::resolution_resolver_tests::resolve_resolution_exact_match_returns_it ... ok
test cli::issue::workflow::resolution_resolver_tests::resolve_resolution_exact_multiple_lists_only_duplicates ... ok
test cli::issue::workflow::resolution_resolver_tests::resolve_resolution_no_match_errors_with_candidates ... ok
test cli::issue::workflow::resolution_resolver_tests::resolve_resolution_unique_substring_errors_as_ambiguous ... ok
test cli::queue::tests::ambiguous_match ... ok
test cli::queue::tests::build_jql_multiple_keys ... ok
test cli::queue::tests::build_jql_single_key ... ok
test cli::queue::tests::duplicate_names ... ok
test cli::queue::tests::exact_match ... ok
test cli::queue::tests::no_match ... ok
test cli::queue::tests::reorder_empty_issues ... ok
test cli::queue::tests::reorder_matches_queue_order ... ok
test cli::queue::tests::reorder_omits_nothing_on_full_match ... ok
test cli::queue::tests::single_substring_is_ambiguous ... ok
test cli::queue::tests::reorder_with_missing_key_from_search ... ok
test cli::queue::tests::test_collapse_and_truncate_boundary_exact_length_is_not_truncated ... ok
test cli::queue::tests::test_collapse_and_truncate_boundary_over_length_is_truncated ... ok
test cli::queue::tests::test_extra_fields_allow_list_all_rejected_yields_empty ... ok
test cli::queue::tests::test_extra_fields_allow_list_dedups_preserving_first_seen_order ... ok
test cli::queue::tests::test_extra_fields_allow_list_empty_slice_yields_empty ... ok
test cli::queue::tests::test_extra_fields_allow_list_keeps_only_customfield_tokens ... ok
test cli::queue::tests::test_extra_fields_allow_list_none_yields_empty ... ok
test cli::queue::tests::test_is_customfield_token_accepts_valid_shapes ... ok
test cli::queue::tests::test_is_customfield_token_rejects_malformed_and_non_matching_shapes ... ok
test cli::sprint::tests::sprint_summary_all_done ... ok
test cli::sprint::tests::sprint_summary_empty ... ok
test cli::sprint::tests::sprint_summary_mixed_issues ... ok
test cli::sprint::tests::sprint_summary_no_points ... ok
test cli::sprint::tests::test_sprint_add_response ... ok
test cli::sprint::tests::test_sprint_remove_response ... ok
test cli::tests::effective_limit_all_returns_none ... ok
test cli::tests::effective_limit_defaults_to_30 ... ok
test cli::tests::effective_limit_respects_explicit_limit ... ok
test cli::user::tests::active_formatter_handles_missing ... ok
test cli::user::tests::row_renders_dash_for_missing_email ... ok
test cli::user::tests::row_shows_display_name_email_and_id ... ok
test cli::field::tests::test_bc_x_14_001_normalize_from_valid_values_never_panics ... ok
test cli::issue::helpers::proptests_component::prop_resolve_component_numeric_input_always_returns_exact ... ok
test config::tests::base_url_uses_active_profile ... ok
test config::tests::base_url_uses_active_profile_oauth_path ... ok
test config::tests::config_active_profile_returns_resolved_profile ... ok
test config::tests::config_active_profile_unknown_profile_returns_error ... ok
test cli::issue::edit::build_labels_proptests::build_labels_edited_fields_invariants ... ok
test config::tests::config_load_errors_when_jr_profile_targets_unknown_profile ... ok
test config::tests::config_load_lenient_succeeds_when_active_profile_unknown ... ok
test config::tests::config_load_precedence_flag_overrides_env_overrides_field ... ok
test config::tests::config_load_rejects_invalid_profile_key_in_config ... ok
test config::tests::global_config_parses_legacy_shape_into_legacy_fields ... ok
test config::tests::global_config_parses_new_shape ... ok
test config::tests::instance_config_oauth_scopes_missing_is_none ... ok
test config::tests::instance_config_parses_oauth_scopes_from_toml ... ok
test config::tests::config_load_rejects_invalid_profile_name_from_env ... ok
test config::tests::migrate_legacy_instance_into_default_profile ... ok
test config::tests::migrate_legacy_with_no_data_yields_empty_new_shape ... ok
test config::tests::migrate_legacy_is_idempotent_when_already_new_shape ... ok
test config::tests::migrate_legacy_with_only_oauth_scopes_set_creates_profile ... ok
test config::tests::migrate_legacy_with_only_org_id_set_creates_profile ... ok
test config::tests::profile_config_roundtrip ... ok
test config::tests::resolve_active_profile_name_falls_back_to_default_literal ... ok
test config::tests::resolve_active_profile_name_uses_cli_flag_when_set ... ok
test config::tests::resolve_active_profile_name_uses_config_when_no_flag_or_env ... ok
test config::tests::resolve_active_profile_name_uses_env_when_no_flag ... ok
test config::tests::test_base_url_api_token ... ok
test config::tests::test_base_url_env_override ... ok
test config::tests::test_base_url_missing ... ok
test config::tests::test_base_url_oauth ... ok
test config::tests::test_base_url_trailing_slash_trimmed ... ok
test config::tests::test_bc_6_1_014_appdata_env_fallback ... ok
test config::tests::test_bc_6_2_017_config_dir_seam_overrides_path ... ok
test config::tests::test_bc_6_2_017_empty_config_dir_uses_os_path ... ok
test config::tests::test_board_id_cli_override ... ok
test config::tests::test_default_config ... ok
test config::tests::test_global_config_dir_falls_back_to_home_config_on_unix_when_xdg_unset ... ok
test config::tests::test_global_config_dir_resolves_through_xdg_on_unix ... ok
test config::tests::test_load_jr_profile_env_empty_returns_user_error ... ok
test config::tests::test_load_with_empty_profile_flag_returns_user_error ... ok
test config::tests::test_load_with_invalid_charset_profile_flag_returns_user_error ... ok
test config::tests::test_load_with_overlength_profile_flag_returns_user_error ... ok
test config::tests::test_load_with_valid_profile_flag_returns_ok ... ok
test config::tests::test_profile_config_env_absent_key_deserializes_to_none ... ok
test config::tests::test_profile_config_env_accepts_arbitrary_string_no_validation ... ok
test config::tests::test_profile_config_env_empty_string_deserializes_to_some_empty ... ok
test config::tests::test_profile_config_env_present_deserializes_to_some ... ok
test cli::issue::create::parse_field_kv_proptests::prop_field_kv_last_wins_across_kinds ... ok
test config::tests::test_project_key_cli_override ... ok
test config::tests::test_project_config_parsing ... ok
test config::tests::test_validate_profile_name_too_long_message ... ok
test config::tests::test_validate_profile_name_with_space_message ... ok
test config::tests::validate_profile_name_accepts_alphanumeric_dash_underscore ... ok
test config::tests::validate_profile_name_rejects_invalid_chars ... ok
test config::tests::test_save_and_load_global_config ... ok
test config::tests::validate_profile_name_rejects_windows_reserved_names_case_insensitive ... ok
test config::tests::validate_profile_name_rejects_too_long ... ok
test duration::tests::test_format_hours ... ok
test duration::tests::test_format_hours_and_minutes ... ok
test duration::tests::test_format_minutes ... ok
test duration::tests::test_parse_duration_validate_accepts_input_at_max_boundary ... ok
test duration::tests::test_parse_duration_validate_rejects_input_longer_than_max ... ok
test error::tests::config_error_display_no_prefix ... ok
test error::tests::config_error_exit_code ... ok
test error::tests::deadline_exceeded_display_format ... ok
test error::tests::deadline_exceeded_exit_code_is_124 ... ok
test error::tests::insufficient_scope_display_includes_workarounds ... ok
test error::tests::insufficient_scope_exit_code ... ok
test error::tests::internal_error_display_passthrough ... ok
test error::tests::internal_error_exit_code_is_one ... ok
test error::tests::test_api_token_expiry_hint_contains_required_text ... ok
test error::tests::test_api_token_expiry_hint_excludes_oauth_scope_language ... ok
test error::tests::test_insufficient_scope_display_empty_some_falls_back ... ok
test error::tests::test_insufficient_scope_display_uses_required_scope_when_some ... ok
test error::tests::user_error_display_passthrough ... ok
test error::tests::user_error_exit_code ... ok
test cli::issue::interactions::tests::test_bc_3_5_010_ec2a_adf_error_propagates_exit64 ... ok
test duration::proptests::format_roundtrip ... ok
test jql::tests::backslashes_escaped ... ok
test jql::tests::build_asset_clause_field_name_with_quotes ... ok
test jql::tests::build_asset_clause_multiple_fields ... ok
test jql::tests::build_asset_clause_single_field ... ok
test jql::tests::double_quotes_escaped ... ok
test jql::tests::escape_neutralization_prevented ... ok
test jql::tests::no_special_characters ... ok
test jql::tests::strip_order_by_at_position_zero ... ok
test jql::tests::strip_order_by_at_position_zero_lowercase ... ok
test jql::tests::strip_order_by_case_insensitive ... ok
test jql::tests::strip_order_by_no_clause ... ok
test jql::tests::strip_order_by_removes_clause ... ok
test jql::tests::strip_order_by_trims_whitespace ... ok
test jql::tests::trailing_backslash ... ok
test jql::tests::validate_asset_key_invalid_empty ... ok
test jql::tests::validate_asset_key_invalid_no_hyphen ... ok
test jql::tests::validate_asset_key_invalid_no_number ... ok
test jql::tests::validate_asset_key_invalid_no_prefix ... ok
test jql::tests::validate_asset_key_invalid_spaces ... ok
test jql::tests::validate_asset_key_valid_itsm ... ok
test jql::tests::validate_asset_key_valid_long ... ok
test jql::tests::validate_asset_key_valid_simple ... ok
test jql::tests::validate_date_empty ... ok
test jql::tests::validate_date_impossible_feb30 ... ok
test jql::tests::validate_date_impossible_month13 ... ok
test jql::tests::validate_date_invalid_format_slash ... ok
test jql::tests::validate_date_invalid_format_us ... ok
test jql::tests::validate_date_non_leap_feb29 ... ok
test jql::tests::validate_date_valid_leap_day ... ok
test jql::tests::validate_date_valid_simple ... ok
test jql::tests::validate_duration_combined_units ... ok
test jql::tests::validate_duration_empty ... ok
test adf::tests::prop_492_arbitrary_string_holds_core_invariants ... ok
test jql::tests::validate_duration_invalid_unit ... ok
test jql::tests::validate_duration_multibyte_unit_returns_err_not_panic ... ok
test jql::tests::validate_duration_no_digits ... ok
test jql::tests::validate_duration_valid_days ... ok
test jql::tests::validate_duration_reversed ... ok
test jql::tests::validate_duration_valid_hours ... ok
test jql::tests::validate_duration_valid_minutes ... ok
test jql::tests::validate_duration_valid_months_uppercase ... ok
test jql::tests::validate_duration_valid_weeks ... ok
test jql::tests::validate_duration_valid_years ... ok
test jql::tests::validate_duration_valid_zero ... ok
test observability::tests::verbose_false_leaves_flag_untouched ... ok
test output::tests::test_render_json ... ok
test output::tests::test_sanitize_env_display_empty_string_passes_through ... ok
test output::tests::test_render_table_with_data ... ok
test output::tests::test_sanitize_env_display_exactly_at_cap_not_truncated ... ok
test output::tests::test_sanitize_env_display_osc_stray_backslash_not_preceded_by_esc_does_not_terminate_early ... ok
test output::tests::test_sanitize_env_display_far_over_cap_truncated_with_marker ... ok
test output::tests::test_sanitize_env_display_osc_stray_esc_not_followed_by_backslash_does_not_terminate_early ... ok
test output::tests::test_sanitize_env_display_over_cap_truncated_with_marker ... ok
test output::tests::test_sanitize_env_display_passes_through_ordinary_string ... ok
test output::tests::test_sanitize_env_display_strips_ansi_csi_escape_sequences ... ok
test output::tests::test_sanitize_env_display_strips_ascii_control_chars ... ok
test output::tests::test_sanitize_env_display_strips_ansi_osc_escape_sequences ... ok
test output::tests::test_sanitize_env_display_strips_line_paragraph_separators ... ok
test output::tests::test_sanitize_env_display_strips_nel ... ok
test output::tests::test_sanitize_env_display_strips_then_caps_composed ... ok
test output::tests::test_sanitize_env_display_strips_unicode_bidi_override ... ok
test output::tests::test_sanitize_env_display_unterminated_csi_consumed_to_eof ... ok
test output::tests::test_sanitize_env_display_unterminated_osc_consumed_to_eof ... ok
test partial_match::proptests::duplicate_candidates_yield_exact_multiple ... ok
test jql::proptests::validate_duration_never_panics ... ok
test partial_match::proptests::empty_candidates_always_returns_none ... ok
test partial_match::tests::test_blocked_single_substring_is_ambiguous ... ok
test partial_match::tests::test_exact_match_case_insensitive ... ok
test partial_match::tests::test_exact_match_duplicate_case_insensitive ... ok
test partial_match::tests::test_exact_match_duplicate_returns_exact_multiple ... ok
test config::tests::proptests_ac_009_base_url_gateway_guard::prop_base_url_selects_gateway_iff_oauth_and_cloud_id_present ... ok
test partial_match::tests::test_exact_match_three_duplicates ... ok
test partial_match::tests::test_partial_match_ambiguous ... ok
test partial_match::tests::test_no_match ... ok
test partial_match::tests::test_partial_match_single_substring_is_ambiguous ... ok
test profile::tests::test_bc_6_2_015_clone_and_eq_preserve_wrapped_value ... ok
test profile::tests::test_bc_6_2_015_display_and_as_ref_agree_for_various_inputs ... ok
test profile::tests::test_bc_6_2_015_display_has_no_bracket_or_quote_decoration ... ok
test profile::tests::test_bc_6_2_015_display_renders_identically_to_wrapped_string ... ok
test profile::tests::test_bc_6_2_015_from_string_is_infallible_for_empty_string ... ok
test profile::tests::test_bc_6_2_015_from_string_is_infallible_for_non_existent_profile_name ... ok
test profile::tests::test_bc_6_2_015_ord_matches_underlying_string_ord ... ok
test types::assets::linked::tests::display_id_fallback_with_hint ... ok
test types::assets::linked::tests::display_key_only ... ok
test types::assets::linked::tests::display_key_and_name ... ok
test types::assets::linked::tests::display_name_only ... ok
test types::assets::linked::tests::display_name_only_id_fallback ... ok
test types::assets::linked::tests::display_name_only_key_and_name ... ok
test types::assets::linked::tests::display_name_only_key_fallback ... ok
test types::assets::linked::tests::display_name_only_name_only ... ok
test types::assets::linked::tests::display_name_only_nothing ... ok
test types::assets::linked::tests::display_nothing ... ok
test types::assets::linked::tests::format_empty_list ... ok
test partial_match::proptests::exact_match_always_found ... ok
test types::assets::linked::tests::format_multiple_assets ... ok
test types::assets::linked::tests::format_short_empty ... ok
test types::assets::linked::tests::format_short_multiple ... ok
test types::assets::linked::tests::format_short_single ... ok
test types::assets::linked::tests::format_single_asset ... ok
test types::assets::linked::tests::serialize_json_skips_none ... ok
test types::assets::object::tests::deserialize_asset_object_minimal ... ok
test types::assets::object::tests::deserialize_asset_object_with_attributes ... ok
test types::assets::object::tests::deserialize_attribute_def_backward_compat ... ok
test types::assets::object::tests::deserialize_attribute_def_select_with_options ... ok
test types::assets::object::tests::deserialize_attribute_def_with_default_type ... ok
test types::assets::object::tests::deserialize_attribute_def_with_reference ... ok
test types::assets::object::tests::deserialize_object_attribute_system ... ok
test types::assets::object::tests::deserialize_object_attribute_defaults ... ok
test types::assets::schema::tests::deserialize_object_schema_full ... ok
test types::assets::schema::tests::deserialize_object_schema_minimal ... ok
test types::assets::object::tests::deserialize_object_attribute_with_name ... ok
test types::assets::schema::tests::deserialize_object_type_entry_with_description ... ok
test types::assets::ticket::tests::deserialize_empty_tickets ... ok
test types::assets::ticket::tests::deserialize_connected_tickets_response ... ok
test types::assets::schema::tests::deserialize_object_type_entry ... ok
test types::jira::board::tests::board_deserializes_with_location ... ok
test types::jira::board::tests::board_deserializes_without_location ... ok
test types::jira::bulk::tests::is_terminal_recognizes_documented_and_empirical_aliases ... ok
test types::jira::bulk::tests::test_deserialize_bulk_operation_progress_absent_task_id ... ok
test types::jira::bulk::tests::test_deserialize_bulk_operation_progress_empty_processed_issues ... ok
test types::jira::bulk::tests::test_336_is_known_status_recognizes_documented_set ... ok
test types::jira::bulk::tests::test_deserialize_bulk_operation_progress_integer_task_id ... ok
test types::jira::bulk::tests::test_deserialize_bulk_operation_progress_mixed_processed_issues ... ok
test types::jira::bulk::tests::test_deserialize_bulk_operation_progress_multiple_numeric_processed_issues ... ok
test types::jira::bulk::tests::test_deserialize_bulk_operation_progress_numeric_processed_issues_succeeds ... ok
test types::jira::bulk::tests::test_deserialize_bulk_operation_progress_rejects_bool_task_id ... ok
test types::jira::bulk::tests::test_deserialize_bulk_operation_progress_rejects_float_task_id ... ok
test types::jira::bulk::tests::test_deserialize_bulk_operation_progress_string_processed_issues_regression ... ok
test types::jira::bulk::tests::test_deserialize_bulk_operation_progress_string_task_id_regression ... ok
test types::jira::bulk::tests::test_deserialize_bulk_submit_response_integer_task_id ... ok
test types::jira::bulk::tests::test_deserialize_bulk_submit_response_rejects_bool_task_id ... ok
test types::jira::bulk::tests::test_deserialize_bulk_submit_response_rejects_float_task_id ... ok
test types::jira::bulk::tests::test_deserialize_bulk_submit_response_string_task_id_regression ... ok
test types::jira::changelog::tests::deserializes_missing_from_to_strings ... ok
test types::jira::changelog::tests::deserializes_null_author_for_automation ... ok
test types::jira::changelog::tests::deserializes_multiple_items_in_one_entry ... ok
test types::jira::changelog::tests::deserializes_standard_entry ... ok
test types::jira::component::tests::test_bc_2_3_040_full_resource_component_id_required_not_optional ... ok
test types::jira::component::tests::test_related_issue_counts_deserializes_without_id_field ... ok
test types::jira::component::tests::test_related_issue_counts_deserializes_with_id_field ... ok
test types::jira::issue::tests::comment_deserialize_empty_properties ... ok
test types::jira::editmeta::tests::test_allowed_value_children_field_serde_default ... ok
test types::jira::issue::tests::comment_deserialize_with_properties ... ok
test types::jira::issue::tests::comment_deserialize_without_properties ... ok
test types::jira::issue::tests::components_empty_array ... ok
test types::jira::issue::tests::fix_versions_empty_array ... ok
test types::jira::issue::tests::flatten_does_not_break_description_null ... ok
test types::jira::issue::tests::flatten_does_not_break_labels_missing ... ok
test types::jira::issue::tests::flatten_does_not_break_labels_null ... ok
test types::jira::issue::tests::issuelinks_empty_array ... ok
test types::jira::issue::tests::flatten_does_not_break_labels_present ... ok
test types::jira::issue::tests::issuelinks_deserializes ... ok
test types::jira::issue::tests::issuelinks_missing ... ok
test types::jira::issue::tests::new_fields_absent ... ok
test types::jira::issue::tests::new_fields_null ... ok
test types::jira::issue::tests::new_fields_present ... ok
test types::jira::issue::tests::parent_missing ... ok
test types::jira::issue::tests::parent_deserializes ... ok
test types::jira::issue::tests::resolution_deserializes_full_shape_from_resolution_endpoint ... ok
test types::jira::issue::tests::story_points_decimal ... ok
test types::jira::issue::tests::resolution_preserves_simple_shape_from_issue_fields ... ok
test types::jira::issue::tests::story_points_integer_value ... ok
test types::jira::issue::tests::story_points_null ... ok
test types::jira::issue::tests::story_points_missing ... ok
test types::jira::issue::tests::story_points_present ... ok
test types::jira::issue::tests::team_id_accepts_object_shape_with_string_id ... ok
test types::jira::issue::tests::team_id_accepts_object_shape_without_name ... ok
test types::jira::issue::tests::story_points_wrong_type ... ok
test types::jira::issue::tests::team_id_exercises_verbose_warning_branch ... ok
test types::jira::issue::tests::team_id_reads_string_value ... ok
test types::jira::issue::tests::team_id_returns_none_for_array_value ... ok
test types::jira::issue::tests::team_id_returns_none_for_missing_key ... ok
test types::jira::issue::tests::team_id_returns_none_for_null_value ... ok
test types::jira::issue::tests::team_id_returns_none_for_object_with_null_id ... ok
test types::jira::issue::tests::team_id_returns_none_for_object_with_non_string_id ... ok
test types::jira::issue::tests::team_id_returns_none_for_object_without_id_key ... ok
test types::jira::issue::tests::test_bc_2_3_040_embedded_component_id_absent_deserializes_none ... ok
test types::jira::issue::tests::test_bc_2_3_040_embedded_component_id_present_deserializes_some ... ok
test types::jira::issue::tests::version_optional_fields_absent ... ok
test types::jsm::queue::tests::deserialize_queue_issue_key_ignores_extra_fields ... ok
test types::jsm::queue::tests::deserialize_queue_issue_key ... ok
test types::jsm::queue::tests::deserialize_queue_with_all_fields ... ok
test types::jsm::queue::tests::deserialize_queue_without_optional_fields ... ok
test cli::field::tests::test_bc_x_14_001_normalize_from_valid_values_never_panics_arbitrary_shapes ... ok
test cli::issue::field_resolve::tests::prop_bc_3_4_033_is_adf_field_fires_only_on_allowlist ... ok
test config::proptests_env_tag::prop_profile_config_env_some_round_trips ... ok
test config::proptests_env_tag::prop_profile_config_env_none_round_trips_as_none ... ok
test jql::proptests::escaped_value_never_has_unescaped_quote ... ok
test partial_match::proptests::never_panics_on_arbitrary_input ... ok
test config::proptests_env_tag::prop_profile_config_env_absent_key_always_none ... ok
test cli::issue::field_resolve::tests::prop_bc_3_4_033_dispatch_field_value_adf_backed_returns_adf_object ... ok
test adf::tests::prop_492_block_html_round_trip_line_structure_lossless ... ok
test adf::tests::prop_492_block_html_holds_core_invariants ... ok
test api::jira::bulk::unknown_status_grace_tests::test_336_known_status_sequence_returns_ok_without_escalation ... ok
test api::jira::bulk::unknown_status_grace_tests::test_336_persistent_unknown_status_escalates_to_err_after_grace ... ok
test api::jira::bulk::unknown_status_grace_tests::test_336_transient_unknown_then_known_resets_tracker ... ok

test result: ok. 1498 passed; 0 failed; 48 ignored; 0 measured; 0 filtered out; finished in 1.24s

     Running unittests src/main.rs (target/debug/deps/jr-85be67243eb79632)

running 2 tests
test tests::test_run_until_shutdown_returns_completed_when_work_finishes_first ... ok
test tests::test_run_until_shutdown_returns_interrupted_when_shutdown_fires_first ... ok

test result: ok. 2 passed; 0 failed; 0 ignored; 0 measured; 0 filtered out; finished in 0.00s

     Running tests/adf_code_mark_exclusivity.rs (target/debug/deps/adf_code_mark_exclusivity-0883ea1ffa614841)

running 30 tests
test common::wf::tests::test_line_start_char_idx_recovers_via_col_not_rescan ... ok
test common::wf::tests::test_char_byte_table_multibyte_characters_diverge_from_char_index ... ok
test common::wf::tests::test_read_mapping_and_read_sequence_on_nested_structures ... ok
test common::wf::tests::test_char_byte_table_ascii_only_is_identity ... ok
test common::wf::tests::test_root_level_nested_keys_succeeds_with_no_duplicates ... ok
test common::wf::tests::test_skip_node_advances_past_alias ... ok
test common::wf::tests::test_find_key_node_properties_detects_anchor_nested_two_levels_deep ... ok
test common::wf::tests::test_find_key_node_properties_detects_anchor_on_mapping_key ... ok
test common::wf::tests::test_find_key_node_properties_clean_mapping_returns_empty ... ok
test common::wf::tests::test_root_level_nested_keys_panics_on_duplicate_root_env_block - should panic ... ok
test common::wf::tests::test_descend_as_mappings_panics_on_duplicate_key_within_final_level - should panic ... ok
test common::wf::tests::test_parse_single_job_panics_on_multi_entry_root - should panic ... ok
test common::wf::tests::test_parse_single_job_matches_whole_document_parse_for_same_job ... ok
test common::wf::tests::test_find_key_node_properties_panics_on_multi_document_stream - should panic ... ok
test common::wf::tests::test_find_key_node_properties_detects_tag_on_mapping_key ... ok
test common::wf::tests::test_wfdoc_parse_accepts_comment_only_stream_as_empty_result ... ok
test common::wf::tests::test_wfdoc_parse_accepts_empty_string_as_empty_result ... ok
test common::wf::tests::test_wfdoc_parse_accepts_single_explicit_document_marker ... ok
test common::wf::tests::test_wfdoc_parse_accepts_single_implicit_document ... ok
test common::wf::tests::test_wfdoc_parse_accepts_whitespace_only_stream_as_empty_result ... ok
test common::wf::tests::test_wfdoc_parse_job_spans_correct_across_multibyte_content ... ok
test common::wf::tests::test_wfdoc_parse_last_job_span_excludes_trailing_root_key ... ok
test common::wf::tests::test_wfdoc_parse_last_job_span_includes_full_trailing_block_scalar_when_jobs_is_last_root_key ... ok
test common::wf::tests::test_wfdoc_parse_panics_on_duplicate_root_jobs_key - should panic ... ok
test common::wf::tests::test_wfdoc_parse_panics_on_second_yaml_document - should panic ... ok
test common::wf::tests::test_wf_rs_test_count_matches_expected_denominator ... ok
test test_bc_7_2_015_call_b_subsup_code_mark_stripped_platform_path ... ok
test test_bc_7_2_015_call_c_link_preserved_with_code_mark_platform_path ... ok
test test_bc_7_2_015_call_d_surrounding_strong_retained_inner_code_stripped_platform_path ... ok
test test_bc_7_2_015_call_a_strong_code_mark_stripped_platform_path ... ok

test result: ok. 30 passed; 0 failed; 0 ignored; 0 measured; 0 filtered out; finished in 0.97s

     Running tests/adf_inline_html_inv1_e2e.rs (target/debug/deps/adf_inline_html_inv1_e2e-f6771bca10357e54)

running 27 tests
test common::wf::tests::test_line_start_char_idx_recovers_via_col_not_rescan ... ok
test common::wf::tests::test_wfdoc_parse_accepts_comment_only_stream_as_empty_result ... ok
test common::wf::tests::test_find_key_node_properties_clean_mapping_returns_empty ... ok
test common::wf::tests::test_read_mapping_and_read_sequence_on_nested_structures ... ok
test common::wf::tests::test_find_key_node_properties_detects_anchor_nested_two_levels_deep ... ok
test common::wf::tests::test_char_byte_table_ascii_only_is_identity ... ok
test common::wf::tests::test_root_level_nested_keys_succeeds_with_no_duplicates ... ok
test common::wf::tests::test_find_key_node_properties_detects_anchor_on_mapping_key ... ok
test common::wf::tests::test_parse_single_job_matches_whole_document_parse_for_same_job ... ok
test common::wf::tests::test_char_byte_table_multibyte_characters_diverge_from_char_index ... ok
test common::wf::tests::test_find_key_node_properties_detects_tag_on_mapping_key ... ok
test common::wf::tests::test_parse_single_job_panics_on_multi_entry_root - should panic ... ok
test common::wf::tests::test_skip_node_advances_past_alias ... ok
test common::wf::tests::test_descend_as_mappings_panics_on_duplicate_key_within_final_level - should panic ... ok
test common::wf::tests::test_find_key_node_properties_panics_on_multi_document_stream - should panic ... ok
test common::wf::tests::test_root_level_nested_keys_panics_on_duplicate_root_env_block - should panic ... ok
test common::wf::tests::test_wfdoc_parse_accepts_empty_string_as_empty_result ... ok
test common::wf::tests::test_wfdoc_parse_accepts_single_explicit_document_marker ... ok
test common::wf::tests::test_wfdoc_parse_accepts_single_implicit_document ... ok
test common::wf::tests::test_wfdoc_parse_accepts_whitespace_only_stream_as_empty_result ... ok
test common::wf::tests::test_wfdoc_parse_job_spans_correct_across_multibyte_content ... ok
test common::wf::tests::test_wfdoc_parse_last_job_span_excludes_trailing_root_key ... ok
test common::wf::tests::test_wfdoc_parse_last_job_span_includes_full_trailing_block_scalar_when_jobs_is_last_root_key ... ok
test common::wf::tests::test_wfdoc_parse_panics_on_duplicate_root_jobs_key - should panic ... ok
test common::wf::tests::test_wfdoc_parse_panics_on_second_yaml_document - should panic ... ok
test common::wf::tests::test_wf_rs_test_count_matches_expected_denominator ... ok
test test_issue_create_markdown_inline_html_submits_inv1_compliant_adf_no_hardbreak ... ok

test result: ok. 27 passed; 0 failed; 0 ignored; 0 measured; 0 filtered out; finished in 0.06s

     Running tests/adf_recursion_depth.rs (target/debug/deps/adf_recursion_depth-e27ebbe388e64c6a)

running 1 test
test test_issue_create_deep_markdown_description_exits_64 ... ok

test result: ok. 1 passed; 0 failed; 0 ignored; 0 measured; 0 filtered out; finished in 0.08s

     Running tests/all_flag_behavior.rs (target/debug/deps/all_flag_behavior-75f289d7ee9f07d6)

running 38 tests
test common::wf::tests::test_find_key_node_properties_detects_anchor_on_mapping_key ... ok
test common::wf::tests::test_line_start_char_idx_recovers_via_col_not_rescan ... ok
test common::wf::tests::test_find_key_node_properties_detects_anchor_nested_two_levels_deep ... ok
test common::wf::tests::test_char_byte_table_ascii_only_is_identity ... ok
test common::wf::tests::test_find_key_node_properties_clean_mapping_returns_empty ... ok
test common::wf::tests::test_read_mapping_and_read_sequence_on_nested_structures ... ok
test common::wf::tests::test_root_level_nested_keys_succeeds_with_no_duplicates ... ok
test common::wf::tests::test_find_key_node_properties_detects_tag_on_mapping_key ... ok
test common::wf::tests::test_char_byte_table_multibyte_characters_diverge_from_char_index ... ok
test common::wf::tests::test_parse_single_job_panics_on_multi_entry_root - should panic ... ok
test common::wf::tests::test_skip_node_advances_past_alias ... ok
test common::wf::tests::test_wfdoc_parse_accepts_comment_only_stream_as_empty_result ... ok
test common::wf::tests::test_wfdoc_parse_accepts_empty_string_as_empty_result ... ok
test common::wf::tests::test_root_level_nested_keys_panics_on_duplicate_root_env_block - should panic ... ok
test common::wf::tests::test_wfdoc_parse_accepts_single_explicit_document_marker ... ok
test common::wf::tests::test_wfdoc_parse_accepts_whitespace_only_stream_as_empty_result ... ok
test common::wf::tests::test_wfdoc_parse_accepts_single_implicit_document ... ok
test common::wf::tests::test_parse_single_job_matches_whole_document_parse_for_same_job ... ok
test common::wf::tests::test_wfdoc_parse_job_spans_correct_across_multibyte_content ... ok
test common::wf::tests::test_find_key_node_properties_panics_on_multi_document_stream - should panic ... ok
test common::wf::tests::test_descend_as_mappings_panics_on_duplicate_key_within_final_level - should panic ... ok
test common::wf::tests::test_wfdoc_parse_last_job_span_excludes_trailing_root_key ... ok
test common::wf::tests::test_wfdoc_parse_panics_on_duplicate_root_jobs_key - should panic ... ok
test common::wf::tests::test_wfdoc_parse_last_job_span_includes_full_trailing_block_scalar_when_jobs_is_last_root_key ... ok
test common::wf::tests::test_wfdoc_parse_panics_on_second_yaml_document - should panic ... ok
test common::wf::tests::test_wf_rs_test_count_matches_expected_denominator ... ok
test user_list_default_caps_at_thirty ... ok
test user_search_all_returns_more_than_default_cap ... ok
test issue_list_fields_points_flag_becomes_silent_noop ... ok
test user_search_default_caps_at_thirty ... ok
test issue_changelog_all_returns_more_than_default_cap ... ok
test issue_changelog_default_caps_at_thirty ... ok
test issue_list_default_caps_at_thirty ... ok
test sprint_current_default_caps_at_thirty ... ok
test issue_list_all_returns_more_than_default_cap ... ok
test board_view_all_returns_more_than_default_cap ... ok
test board_view_default_caps_at_thirty ... ok
test sprint_current_all_returns_more_than_default_cap ... ok

test result: ok. 38 passed; 0 failed; 0 ignored; 0 measured; 0 filtered out; finished in 0.03s

     Running tests/api_client.rs (target/debug/deps/api_client-f32e3bb4c081ac7b)

running 26 tests
test test_extract_error_message_prefers_error_messages_over_message ... ok
test test_extract_error_message_plain_text_body ... ok
test test_extract_error_message_empty_body ... ok
test test_extract_error_message_errors_object_multiple_fields ... ok
test test_extract_error_message_errors_object_mixed_values ... ok
test test_extract_error_message_error_message_singular ... ok
test test_extract_error_message_errors_object_empty_falls_through ... ok
test test_extract_error_message_from_message_field ... ok
test test_extract_error_message_from_error_messages_array ... ok
test test_extract_error_message_empty_error_messages_falls_back_to_errors_object ... ok
test test_extract_error_message_preserves_utf8_in_sanitized_path ... ok
test test_extract_error_message_errors_object_nested_value ... ok
test test_extract_error_message_sanitizes_ansi_escape_in_message_field ... ok
test test_extract_error_message_sanitizes_crlf_in_error_messages_array ... ok
test test_extract_error_message_sanitizes_null_byte_in_errors_object_value ... ok
test test_send_raw_returns_response_for_404 ... ok
test test_send_raw_returns_response_for_2xx ... ok
test test_non_401_with_scope_substring_does_not_dispatch_to_insufficient_scope ... ok
test test_get_request_with_auth_header ... ok
test test_401_without_scope_mismatch_falls_through_to_not_authenticated ... ok
test test_401_scope_mismatch_matches_case_insensitively ... ok
test test_401_returns_not_authenticated ... ok
test test_401_scope_mismatch_returns_insufficient_scope ... ok
test test_rate_limit_retry ... ok
test test_send_raw_retries_429_then_succeeds ... ok
test test_send_raw_returns_429_after_exhausting_retries ... ok

test result: ok. 26 passed; 0 failed; 0 ignored; 0 measured; 0 filtered out; finished in 0.03s

     Running tests/api_token_percred_wiring.rs (target/debug/deps/api_token_percred_wiring-aea58f0a59f0f867)

running 2 tests
test test_from_config_api_token_branch_reads_namespaced_never_legacy_flat ... ignored, requires keyring backend; set JR_RUN_KEYRING_TESTS=1 to run
test test_login_token_writes_namespaced_pair_not_shared_flat ... ignored, requires keyring backend; set JR_RUN_KEYRING_TESTS=1 to run

test result: ok. 0 passed; 0 failed; 2 ignored; 0 measured; 0 filtered out; finished in 0.00s

     Running tests/asset_enrichment_concurrency.rs (target/debug/deps/asset_enrichment_concurrency-b0e0949d406f9d6a)

running 29 tests
test common::wf::tests::test_char_byte_table_ascii_only_is_identity ... ok
test common::wf::tests::test_line_start_char_idx_recovers_via_col_not_rescan ... ok
test common::wf::tests::test_find_key_node_properties_detects_anchor_on_mapping_key ... ok
test common::wf::tests::test_root_level_nested_keys_succeeds_with_no_duplicates ... ok
test common::wf::tests::test_find_key_node_properties_clean_mapping_returns_empty ... ok
test common::wf::tests::test_char_byte_table_multibyte_characters_diverge_from_char_index ... ok
test common::wf::tests::test_find_key_node_properties_panics_on_multi_document_stream - should panic ... ok
test common::wf::tests::test_descend_as_mappings_panics_on_duplicate_key_within_final_level - should panic ... ok
test common::wf::tests::test_find_key_node_properties_detects_anchor_nested_two_levels_deep ... ok
test common::wf::tests::test_find_key_node_properties_detects_tag_on_mapping_key ... ok
test common::wf::tests::test_read_mapping_and_read_sequence_on_nested_structures ... ok
test common::wf::tests::test_parse_single_job_matches_whole_document_parse_for_same_job ... ok
test common::wf::tests::test_parse_single_job_panics_on_multi_entry_root - should panic ... ok
test common::wf::tests::test_wfdoc_parse_accepts_comment_only_stream_as_empty_result ... ok
test common::wf::tests::test_root_level_nested_keys_panics_on_duplicate_root_env_block - should panic ... ok
test common::wf::tests::test_wfdoc_parse_accepts_empty_string_as_empty_result ... ok
test common::wf::tests::test_skip_node_advances_past_alias ... ok
test common::wf::tests::test_wfdoc_parse_accepts_single_explicit_document_marker ... ok
test common::wf::tests::test_wfdoc_parse_accepts_single_implicit_document ... ok
test common::wf::tests::test_wfdoc_parse_accepts_whitespace_only_stream_as_empty_result ... ok
test common::wf::tests::test_wfdoc_parse_job_spans_correct_across_multibyte_content ... ok
test common::wf::tests::test_wfdoc_parse_last_job_span_excludes_trailing_root_key ... ok
test common::wf::tests::test_wfdoc_parse_panics_on_duplicate_root_jobs_key - should panic ... ok
test common::wf::tests::test_wfdoc_parse_last_job_span_includes_full_trailing_block_scalar_when_jobs_is_last_root_key ... ok
test common::wf::tests::test_wfdoc_parse_panics_on_second_yaml_document - should panic ... ok
test common::wf::tests::test_wf_rs_test_count_matches_expected_denominator ... ok
test test_enrich_assets_retry_works_through_cap ... ok
test test_enrich_assets_resolves_all_id_only_inputs ... ok
test test_enrich_assets_concurrency_capped_at_eight ... ok

test result: ok. 29 passed; 0 failed; 0 ignored; 0 measured; 0 filtered out; finished in 0.20s

     Running tests/asset_enrichment_concurrency_ac004.rs (target/debug/deps/asset_enrichment_concurrency_ac004-6c43c123e0daaa17)

running 1 test
test test_max_concurrent_asset_fetches_constant_is_eight ... ok

test result: ok. 1 passed; 0 failed; 0 ignored; 0 measured; 0 filtered out; finished in 0.00s

     Running tests/asset_holdouts.rs (target/debug/deps/asset_holdouts-5bc257cc28bd4275)

running 29 tests
test common::wf::tests::test_char_byte_table_ascii_only_is_identity ... ok
test common::wf::tests::test_char_byte_table_multibyte_characters_diverge_from_char_index ... ok
test common::wf::tests::test_line_start_char_idx_recovers_via_col_not_rescan ... ok
test common::wf::tests::test_find_key_node_properties_detects_anchor_on_mapping_key ... ok
test common::wf::tests::test_find_key_node_properties_detects_tag_on_mapping_key ... ok
test common::wf::tests::test_skip_node_advances_past_alias ... ok
test common::wf::tests::test_find_key_node_properties_detects_anchor_nested_two_levels_deep ... ok
test common::wf::tests::test_root_level_nested_keys_succeeds_with_no_duplicates ... ok
test common::wf::tests::test_parse_single_job_panics_on_multi_entry_root - should panic ... ok
test common::wf::tests::test_read_mapping_and_read_sequence_on_nested_structures ... ok
test common::wf::tests::test_find_key_node_properties_clean_mapping_returns_empty ... ok
test common::wf::tests::test_find_key_node_properties_panics_on_multi_document_stream - should panic ... ok
test common::wf::tests::test_root_level_nested_keys_panics_on_duplicate_root_env_block - should panic ... ok
test common::wf::tests::test_descend_as_mappings_panics_on_duplicate_key_within_final_level - should panic ... ok
test common::wf::tests::test_wfdoc_parse_accepts_comment_only_stream_as_empty_result ... ok
test common::wf::tests::test_wfdoc_parse_accepts_empty_string_as_empty_result ... ok
test common::wf::tests::test_parse_single_job_matches_whole_document_parse_for_same_job ... ok
test common::wf::tests::test_wfdoc_parse_accepts_single_explicit_document_marker ... ok
test common::wf::tests::test_wfdoc_parse_accepts_single_implicit_document ... ok
test common::wf::tests::test_wfdoc_parse_accepts_whitespace_only_stream_as_empty_result ... ok
test common::wf::tests::test_wfdoc_parse_job_spans_correct_across_multibyte_content ... ok
test common::wf::tests::test_wfdoc_parse_last_job_span_excludes_trailing_root_key ... ok
test common::wf::tests::test_wfdoc_parse_last_job_span_includes_full_trailing_block_scalar_when_jobs_is_last_root_key ... ok
test common::wf::tests::test_wfdoc_parse_panics_on_duplicate_root_jobs_key - should panic ... ok
test common::wf::tests::test_wfdoc_parse_panics_on_second_yaml_document - should panic ... ok
test test_s_2_03_h_038_bc_4_3_002_enrich_assets_skips_already_resolved ... ok
test common::wf::tests::test_wf_rs_test_count_matches_expected_denominator ... ok
test test_s_2_03_h_039_bc_4_2_006_assets_tickets_ambiguous_status_exits_64 ... ok
test test_s_2_03_h_037_bc_4_2_001_workspace_id_cached_after_first_call ... ok

test result: ok. 29 passed; 0 failed; 0 ignored; 0 measured; 0 filtered out; finished in 0.04s

     Running tests/assets.rs (target/debug/deps/assets-a44e9348325823bd)

running 52 tests
test common::wf::tests::test_line_start_char_idx_recovers_via_col_not_rescan ... ok
test common::wf::tests::test_char_byte_table_ascii_only_is_identity ... ok
test common::wf::tests::test_char_byte_table_multibyte_characters_diverge_from_char_index ... ok
test common::wf::tests::test_skip_node_advances_past_alias ... ok
test common::wf::tests::test_find_key_node_properties_detects_anchor_nested_two_levels_deep ... ok
test common::wf::tests::test_find_key_node_properties_detects_anchor_on_mapping_key ... ok
test common::wf::tests::test_root_level_nested_keys_succeeds_with_no_duplicates ... ok
test common::wf::tests::test_wfdoc_parse_accepts_comment_only_stream_as_empty_result ... ok
test common::wf::tests::test_wfdoc_parse_accepts_empty_string_as_empty_result ... ok
test common::wf::tests::test_find_key_node_properties_detects_tag_on_mapping_key ... ok
test common::wf::tests::test_read_mapping_and_read_sequence_on_nested_structures ... ok
test common::wf::tests::test_wfdoc_parse_accepts_single_explicit_document_marker ... ok
test common::wf::tests::test_wfdoc_parse_accepts_single_implicit_document ... ok
test common::wf::tests::test_wfdoc_parse_accepts_whitespace_only_stream_as_empty_result ... ok
test common::wf::tests::test_wfdoc_parse_job_spans_correct_across_multibyte_content ... ok
test common::wf::tests::test_wfdoc_parse_last_job_span_excludes_trailing_root_key ... ok
test common::wf::tests::test_find_key_node_properties_clean_mapping_returns_empty ... ok
test common::wf::tests::test_wfdoc_parse_last_job_span_includes_full_trailing_block_scalar_when_jobs_is_last_root_key ... ok
test common::wf::tests::test_root_level_nested_keys_panics_on_duplicate_root_env_block - should panic ... ok
test common::wf::tests::test_parse_single_job_panics_on_multi_entry_root - should panic ... ok
test common::wf::tests::test_descend_as_mappings_panics_on_duplicate_key_within_final_level - should panic ... ok
test common::wf::tests::test_find_key_node_properties_panics_on_multi_document_stream - should panic ... ok
test common::wf::tests::test_wfdoc_parse_panics_on_duplicate_root_jobs_key - should panic ... ok
test common::wf::tests::test_wfdoc_parse_panics_on_second_yaml_document - should panic ... ok
test common::wf::tests::test_parse_single_job_matches_whole_document_parse_for_same_job ... ok
test common::wf::tests::test_wf_rs_test_count_matches_expected_denominator ... ok
test get_connected_tickets_empty ... ok
test get_asset_returns_object ... ok
test get_object_attributes_returns_named_attributes ... ok
test get_object_type_attributes_returns_definitions ... ok
test get_connected_tickets_returns_tickets ... ok
test list_object_schemas_returns_schemas ... ok
test list_object_types_returns_flat_array ... ok
test cli_json_filter_excludes_system_and_hidden_attributes ... ok
test search_assets_empty ... ok
test search_assets_with_limit ... ok
test search_assets_is_last_as_string ... ok
test search_assets_returns_objects ... ok
test enrich_search_attributes_injects_names ... ok
test search_assets_paginated ... ok
test schema_single_substring_schema_filter_rejected ... ok
test assets_tickets_status_substring_rejected ... ok
test assets_schema_type_substring_rejected ... ok
test schema_table_filters_system_attrs ... ok
test issue_list_asset_substring_rejected ... ok
test schema_json_shows_attributes ... ok
test schemas_json_lists_all_schemas ... ok
test search_attributes_json_includes_names ... ok
test search_attributes_table_shows_inline_values ... ok
test test_bc_4_2_001_get_or_fetch_workspace_id_targets_base_url_under_oauth ... ok
test test_get_or_fetch_workspace_id_cache_hit_issues_no_http_call ... ok
test types_json_lists_all_types ... ok

test result: ok. 52 passed; 0 failed; 0 ignored; 0 measured; 0 filtered out; finished in 0.13s

     Running tests/assets_errors.rs (target/debug/deps/assets_errors-5e084b04b8d9611d)

running 29 tests
test common::wf::tests::test_line_start_char_idx_recovers_via_col_not_rescan ... ok
test common::wf::tests::test_char_byte_table_ascii_only_is_identity ... ok
test common::wf::tests::test_read_mapping_and_read_sequence_on_nested_structures ... ok
test common::wf::tests::test_find_key_node_properties_detects_anchor_on_mapping_key ... ok
test common::wf::tests::test_find_key_node_properties_clean_mapping_returns_empty ... ok
test common::wf::tests::test_char_byte_table_multibyte_characters_diverge_from_char_index ... ok
test common::wf::tests::test_find_key_node_properties_detects_anchor_nested_two_levels_deep ... ok
test common::wf::tests::test_find_key_node_properties_detects_tag_on_mapping_key ... ok
test common::wf::tests::test_descend_as_mappings_panics_on_duplicate_key_within_final_level - should panic ... ok
test common::wf::tests::test_root_level_nested_keys_panics_on_duplicate_root_env_block - should panic ... ok
test common::wf::tests::test_find_key_node_properties_panics_on_multi_document_stream - should panic ... ok
test common::wf::tests::test_parse_single_job_panics_on_multi_entry_root - should panic ... ok
test common::wf::tests::test_parse_single_job_matches_whole_document_parse_for_same_job ... ok
test common::wf::tests::test_skip_node_advances_past_alias ... ok
test common::wf::tests::test_root_level_nested_keys_succeeds_with_no_duplicates ... ok
test common::wf::tests::test_wfdoc_parse_accepts_comment_only_stream_as_empty_result ... ok
test common::wf::tests::test_wfdoc_parse_accepts_empty_string_as_empty_result ... ok
test common::wf::tests::test_wfdoc_parse_accepts_single_explicit_document_marker ... ok
test common::wf::tests::test_wfdoc_parse_accepts_single_implicit_document ... ok
test common::wf::tests::test_wfdoc_parse_accepts_whitespace_only_stream_as_empty_result ... ok
test common::wf::tests::test_wfdoc_parse_job_spans_correct_across_multibyte_content ... ok
test common::wf::tests::test_wfdoc_parse_last_job_span_excludes_trailing_root_key ... ok
test common::wf::tests::test_wfdoc_parse_last_job_span_includes_full_trailing_block_scalar_when_jobs_is_last_root_key ... ok
test common::wf::tests::test_wfdoc_parse_panics_on_duplicate_root_jobs_key - should panic ... ok
test common::wf::tests::test_wfdoc_parse_panics_on_second_yaml_document - should panic ... ok
test common::wf::tests::test_wf_rs_test_count_matches_expected_denominator ... ok
test assets_search_network_drop_surfaces_reach_error ... ok
test assets_search_unauthorized_dispatches_reauth_message ... ok
test assets_search_server_error_surfaces_friendly_message ... ok

test result: ok. 29 passed; 0 failed; 0 ignored; 0 measured; 0 filtered out; finished in 0.04s

     Running tests/attachment_delete.rs (target/debug/deps/attachment_delete-63498f89dac5aad1)

running 26 tests
test test_bc_3_9_015_non_interactive_without_yes_exits_64 ... ok
test test_bc_3_9_015_aid_validation_before_gate ... ok
test test_bc_3_9_013_delete_network_error_exit_1 ... ok
test test_bc_3_9_013_delete_403_exit_1 ... ok
test test_bc_3_9_008_404_body_surfaced_to_stderr ... ok
test test_bc_3_9_013_delete_401_exit_2 ... ok
test test_bc_3_9_013_delete_5xx_exit_1 ... ok
test test_bc_3_9_010_bulk_delete_non_404_aborts_sequence ... ok
test test_bc_3_9_010_bulk_json_shape ... ok
test test_bc_3_9_015_gate_eof_exits_130 ... ok
test test_bc_3_9_010_bulk_partial_404_skip_continues ... ok
test test_bc_3_9_016_bulk_requires_yes_exits_64 ... ok
test test_bc_3_9_016_issue_without_older_than_exit_2 ... ok
test test_vp_576_002_delete_gate_cancel_stays ... ok
test test_bc_3_9_013_bulk_delete_fail_soft_all_404 ... ok
test test_bc_3_9_016_issue_older_than_yes_combined ... ok
test test_bc_3_9_010_single_aid_json_shape ... ok
test test_f5_r1_004_single_aid_404_message_includes_jira_error_body ... ok
test test_vp_576_002_delete_gate_confirm_proceeds ... ok
test test_bc_3_9_016_clap_mutual_exclusion_constraints ... ok
test test_bc_3_9_020_dry_run_single_aid ... ok
test test_bc_3_9_019_issue_key_older_than_resolution ... ok
test test_bc_3_9_020_dry_run_bulk ... ok
test test_bc_3_9_020_dry_run_multi_aid_metadata_fan_out ... ok
test test_bc_3_9_008_delete_endpoint_aid_validation_404_exit_64 ... ok
test test_bc_3_9_019_older_than_parse_age_duration_filter ... ok

test result: ok. 26 passed; 0 failed; 0 ignored; 0 measured; 0 filtered out; finished in 0.08s

     Running tests/attachment_download.rs (target/debug/deps/attachment_download-67d652abb8831340)

running 39 tests
test test_bc_2_7_007_atomic_rename_cleanup_on_error ... ok
test test_bc_2_7_008_all_no_out_dir_defaults_to_cwd ... ok
test test_bc_2_7_007_auth_absent_on_redirect_target ... ok
test test_batch_download_traversal_filename_lands_inside_out_dir ... ok
test test_bc_2_7_007_temp_file_same_dir_tmp_random_prefix ... ok
test test_bc_2_7_007_no_redirect_false_param ... ok
test test_bc_2_7_007_two_step_streaming_wire_path ... ok
test test_bc_2_7_007_uses_platform_content_url_not_jsm_links_ec_2_7_007_2 ... ok
test test_bc_2_7_007_success_hint_display_sanitizes_filename ... ok
test test_bc_2_7_007_json_manifest_raw_filename_written_size_p27_p31 ... ok
test test_bc_2_7_007_selector_required_aid_validation ... ok
test test_bc_2_7_007_rename_failure_error_display_sanitizes_filename ... ok
test test_bc_2_7_007_out_preflight_before_get_p32_001 ... ok
test test_bc_2_7_008_batch_collision_skip_no_force ... ok
test test_bc_2_7_008_json_mode_error_vs_hint_taxonomy ... ok
test test_bc_2_7_009_newest_n_by_created_desc ... ok
test test_bc_2_7_010_default_path_sha1_prefix_batch ... ok
test test_bc_2_7_008_sparse_attachment_object_tolerated ... ok
test test_bc_2_7_009_newest_nonpositive_exits_64 ... ok
test test_bc_2_7_012_eacces_permission_denied_error_message ... ok
test test_bc_2_7_009_filter_then_newest_composition ... ok
test test_bc_2_7_010_single_id_degenerate_name_fallback ... ok
test test_bc_2_7_007_single_id_success_hint_stderr ... ok
test test_bc_2_7_011_windows_device_name_escape_single_id_call_site ... ok
test test_bc_2_7_single_download_collision_error_includes_parent_dir ... ok
test test_bc_2_7_metadata_400_not_permission_denied ... ok
test test_bc_2_7_bare_out_filename_success_hint_no_leading_separator ... ok
test test_bc_2_7_008_all_batch_fail_soft ... ok
test test_bc_2_7_010_degenerate_name_warning_display_sanitized ... ok
test test_bc_2_7_008_empty_issue_no_attachments_hint ... ok
test test_bc_2_7_stream_to_file_failure_increments_fail_count ... ok
test test_download_integer_id_in_metadata_succeeds ... ok
test test_f5_r3_001_download_id_404_canonical_only_no_jira_body ... ok
test test_bc_2_7_008_filtered_to_zero_hint ... ok
test test_download_string_id_in_metadata_still_succeeds ... ok
test test_newest_selects_no_millis_attachment_over_millis_older ... ok
test test_bc_2_7_011_vp576_001_containment_prop ... ok
test test_bc_2_7_012_error_taxonomy ... ok
test test_bc_2_7_download_clap_structural_constraints ... ok

test result: ok. 39 passed; 0 failed; 0 ignored; 0 measured; 0 filtered out; finished in 0.13s

     Running tests/attachment_help_text.rs (target/debug/deps/attachment_help_text-ace3a763f4e6c5b9)

running 4 tests
test test_attachment_help_text_story_is_docs_only_and_touches_no_attachment_logic ... ok
test test_bc_2_7_010_attachment_download_help_out_dir_documents_sha1_naming_scheme ... ok
test test_bc_2_7_008_attachment_help_about_enumerates_all_four_subcommands ... ok
test test_bc_2_7_009_attachment_download_help_newest_documents_filter_then_sort_order ... ok

test result: ok. 4 passed; 0 failed; 0 ignored; 0 measured; 0 filtered out; finished in 0.03s

     Running tests/attachment_jsm.rs (target/debug/deps/attachment_jsm-54905214447a560f)

running 36 tests
test test_bc_3_9_014_noinput_replace_no_match_uses_consumer1_hint ... ok
test test_bc_3_9_014_consumer3_combined_prompt_text ... ok
test test_bc_3_9_014_consumer1_n_le_3_lists_filenames ... ok
test test_bc_3_9_003_public_on_non_jsm_exits_64_before_gate ... ok
test test_bc_3_9_003_two_step_attach_temporary_then_request_attachment ... ok
test test_bc_3_9_011_public_json_output_shape ... ok
test test_bc_3_9_004_internal_on_non_jsm_silent_noop_oq9 ... ok
test test_bc_3_9_007_servicedeskapi_response_shape ... ok
test test_bc_3_9_004_internal_on_jsm_two_step ... ok
test test_bc_3_9_007_step2_bare_array_echo_exits_0_best_effort ... ok
test test_bc_3_9_014_consumer1_n_gt_3_shows_count ... ok
test test_bc_3_9_003_public_gate_cancel_exits_0 ... ok
test test_bc_3_9_003_public_gate_confirm_proceeds ... ok
test test_bc_4_2_001_jsm_attachment_upload_succeeds_end_to_end_under_oauth ... ok
test test_bc_x_8_010_jsm_determination_triggers_project_meta_fetch ... ok
test test_bc_3_9_011_internal_json_shape_jsm_vs_non_jsm_asymmetry ... ok
test test_cwe116_jsm_public_gate_sanitizes_hostile_filename ... ok
test test_jsm_internal_replace_existing_dry_run_shows_woulddelete ... ok
test test_bc_x_8_010_service_desk_id_from_project_meta_projectid_match ... ok
test test_ec_3_9_006_7_step2_429_no_retry_exactly_one_post ... ok
test test_jsm_internal_replace_existing_noinput_exits_64_with_hint ... ok
test test_ec_3_9_003_3_multi_file_jsm_upload_two_step_1_posts ... ok
test test_jsm_internal_replace_zero_matches_no_gate_upload_proceeds ... ok
test test_f5_r1_006_jsm_step1_content_disposition_double_quote_mapped_to_underscore ... ok
test test_ec_x_8_010_1_no_matching_service_desk_exits_64 ... ok
test test_p5_003_consumer2_internal_replace_hostile_server_filename_sanitized ... ok
test test_jsm_internal_replace_existing_issues_delete_then_two_step ... ok
test test_jsm_public_replace_zero_matches_consumer1_not_consumer3 ... ok
test test_p5_003_consumer3_combined_prompt_hostile_server_filename_sanitized ... ok
test test_jsm_public_gate_long_form_yes_accepted ... ok
test test_replace_existing_nonbenign_delete_error_propagates ... ok
test test_sec_576_006_stale_id_self_heal_invalidate_retry_once ... ok
test test_vp_576_005_combined_gate_single_prompt_fires_once ... ok
test test_sec_576_004_jsm_step1_content_disposition_crlf_guard ... ok
test test_bc_3_9_020_dry_run_public_visibility_annotation ... ok
test test_bc_3_9_006_jsm_upload_error_taxonomy ... ok

test result: ok. 36 passed; 0 failed; 0 ignored; 0 measured; 0 filtered out; finished in 0.17s

     Running tests/attachment_list.rs (target/debug/deps/attachment_list-e6151ff7f90434c0)

running 16 tests
test test_bc_2_7_006_key_network_exit_1 ... ok
test test_bc_2_7_006_key_403_exit_1 ... ok
test test_bc_2_7_006_key_5xx_exit_1 ... ok
test test_bc_2_7_006_key_401_exit_2 ... ok
test test_bc_2_7_006_unknown_key_exits_64 ... ok
test test_bc_2_7_002_json_uses_render_json_not_string_pretty ... ok
test test_bc_2_7_001_all_filtered_out_empty_stdout_hint_to_stderr ... ok
test test_bc_2_7_001_sparse_mime_type_shows_dash_in_type_column ... ok
test test_bc_2_7_001_table_six_columns_order ... ok
test test_bc_2_7_003_invalid_filter_key_exits_64 ... ok
test test_bc_2_7_001_zero_attachments_empty_stdout_stderr_hint ... ok
test test_bc_2_7_001_filter_count_hint_fires_when_reduced ... ok
test test_bc_2_7_005_size_max_filter_and_parse_error ... ok
test test_bc_2_7_002_json_shape_curated_form ... ok
test test_bc_2_7_004_name_filter_glob_and_composition ... ok
test test_bc_2_7_003_mime_filter_image_wildcard ... ok

test result: ok. 16 passed; 0 failed; 0 ignored; 0 measured; 0 filtered out; finished in 0.07s

     Running tests/attachment_upload.rs (target/debug/deps/attachment_upload-11362b296dcba141)

running 29 tests
test test_bc_3_9_001_stdin_rejected ... ok
test test_bc_3_9_001_rate_limit_retry_rebuilds_request ... ok
test test_bc_3_9_001_human_table_display ... ok
test test_bc_3_9_009_upload_json_shape_self_omitted_content_renamed ... ok
test test_bc_3_9_001_multipart_post_x_atlassian_token_mandatory ... ok
test test_bc_3_9_014_gate_cancel_exits_0 ... ok
test test_ac_018_double_quote_filename_well_formed_content_disposition ... ok
test test_bc_3_9_001_multi_file_single_multipart_post ... ok
test test_bc_3_9_014_gate_confirm_proceeds ... ok
test test_bc_3_9_001_rate_limit_retry_after_zero_skips_sleep ... ok
test test_bc_3_9_002_jsm_no_flag_uses_platform_post_zero_servicedeskapi_calls ... ok
test test_bc_3_9_001_rate_limit_retry_after_above_cap_aborts ... ok
test test_bc_3_9_001_persistent_429_exhausts_retries ... ok
test test_bc_3_9_001_file_prechecks_before_http ... ok
test test_bc_3_9_014_gate_eof_exits_130 ... ok
test test_bc_3_9_014_non_interactive_without_yes_exits_64 ... ok
test test_bc_3_9_017_delete_403_aborts_flow ... ok
test test_bc_3_9_018_replace_existing_no_match_direct_upload ... ok
test test_bc_3_9_020_dry_run_table_output_strings ... ok
test test_bc_3_9_017_replace_existing_delete_then_post ... ok
test test_bc_3_9_017_delete_404_is_benign_skip ... ok
test test_bc_3_9_014_gate_confirm_uppercase_y_proceeds ... ok
test test_f5_r1_006_upload_content_disposition_double_quote_mapped_to_underscore ... ok
test test_vp_576_003_delete_before_post_ordering_invariant ... ok
test test_vp_576_004_curated_shape_upload_and_list_are_structurally_identical ... ok
test test_bc_3_9_020_dry_run_path_c_guards_not_suppressed_gates_suppressed ... ok
test test_sec_576_004_content_disposition_crlf_injection_guard ... ok
test test_bc_3_9_012_error_taxonomy ... ok
test test_bc_3_9_001_rate_limit_retry_after_at_cap_proceeds ... ok

test result: ok. 29 passed; 0 failed; 0 ignored; 0 measured; 0 filtered out; finished in 5.02s

     Running tests/auth_chosen_flow_reconcile.rs (target/debug/deps/auth_chosen_flow_reconcile-8ed6cd826b8a5a6e)

running 11 tests
test test_ac_006_successful_relogin_replaces_existing_api_token_pair ... ignored, requires keyring backend; set JR_RUN_KEYRING_TESTS=1 to run
test test_ac_007_failed_relogin_preserves_existing_api_token_pair ... ignored, requires keyring backend; set JR_RUN_KEYRING_TESTS=1 to run
test test_ac_007_mechanism_switch_preserves_stale_cloud_id_e2e_real_keychain ... ignored, requires keyring backend; set JR_RUN_KEYRING_TESTS=1 to run
test test_vp_authdx_003_fixed_seed_oauth_profile_with_api_token_flag ... ok
test test_vp_authdx_003_fixed_seed_api_token_profile_with_oauth_flag ... ok
test test_ac_003_refresh_api_token_flag_on_oauth_profile_uses_oauth_flow_not_token ... ok
test test_ac_004_refresh_no_flag_on_api_token_profile_is_unaffected ... ok
test test_ac_004_refresh_no_flag_on_oauth_profile_is_unaffected ... ok
test test_ac_002_refresh_oauth_flag_on_api_token_profile_uses_token_flow_not_oauth ... ok
test test_ac_008_refresh_oauth_and_api_token_flags_both_parse_with_help ... ok
test test_vp_authdx_003_refresh_mechanism_never_follows_the_flag_only_the_profile ... ok

test result: ok. 8 passed; 0 failed; 3 ignored; 0 measured; 0 filtered out; finished in 0.07s

     Running tests/auth_credential_absence.rs (target/debug/deps/auth_credential_absence-f564aa24f3c0c233)

running 32 tests
test common::wf::tests::test_line_start_char_idx_recovers_via_col_not_rescan ... ok
test common::wf::tests::test_char_byte_table_ascii_only_is_identity ... ok
test common::wf::tests::test_char_byte_table_multibyte_characters_diverge_from_char_index ... ok
test common::wf::tests::test_find_key_node_properties_detects_anchor_on_mapping_key ... ok
test common::wf::tests::test_find_key_node_properties_detects_anchor_nested_two_levels_deep ... ok
test common::wf::tests::test_find_key_node_properties_clean_mapping_returns_empty ... ok
test common::wf::tests::test_find_key_node_properties_detects_tag_on_mapping_key ... ok
test common::wf::tests::test_descend_as_mappings_panics_on_duplicate_key_within_final_level - should panic ... ok
test common::wf::tests::test_parse_single_job_panics_on_multi_entry_root - should panic ... ok
test common::wf::tests::test_read_mapping_and_read_sequence_on_nested_structures ... ok
test common::wf::tests::test_root_level_nested_keys_panics_on_duplicate_root_env_block - should panic ... ok
test common::wf::tests::test_wfdoc_parse_accepts_comment_only_stream_as_empty_result ... ok
test common::wf::tests::test_root_level_nested_keys_succeeds_with_no_duplicates ... ok
test common::wf::tests::test_skip_node_advances_past_alias ... ok
test common::wf::tests::test_find_key_node_properties_panics_on_multi_document_stream - should panic ... ok
test common::wf::tests::test_parse_single_job_matches_whole_document_parse_for_same_job ... ok
test common::wf::tests::test_wfdoc_parse_accepts_empty_string_as_empty_result ... ok
test common::wf::tests::test_wfdoc_parse_accepts_single_explicit_document_marker ... ok
test common::wf::tests::test_wfdoc_parse_accepts_single_implicit_document ... ok
test common::wf::tests::test_wfdoc_parse_accepts_whitespace_only_stream_as_empty_result ... ok
test test_auth_credential_absence_vs_unknown_profile_are_distinct_codes ... ignored, requires keyring backend; set JR_RUN_KEYRING_TESTS=1 to run
test common::wf::tests::test_wfdoc_parse_job_spans_correct_across_multibyte_content ... ok
test common::wf::tests::test_wfdoc_parse_last_job_span_excludes_trailing_root_key ... ok
test common::wf::tests::test_wfdoc_parse_panics_on_duplicate_root_jobs_key - should panic ... ok
test common::wf::tests::test_wfdoc_parse_last_job_span_includes_full_trailing_block_scalar_when_jobs_is_last_root_key ... ok
test common::wf::tests::test_wfdoc_parse_panics_on_second_yaml_document - should panic ... ok
test test_bc_1_4_032_remediation_command_parses_against_clap ... ok
test test_clap_login_profile_equals_form_required_for_leading_hyphen ... ok
test common::wf::tests::test_wf_rs_test_count_matches_expected_denominator ... ok
test test_bc_1_1_004_unknown_profile_stays_exit_64 ... ok
test test_bc_1_1_004_unknown_profile_json_envelope_is_standard_error_shape ... ok
test test_auth_unknown_profile_still_exits_64_not_2 ... ok

test result: ok. 31 passed; 0 failed; 1 ignored; 0 measured; 0 filtered out; finished in 0.03s

     Running tests/auth_header_release_gate.rs (target/debug/deps/auth_header_release_gate-8b5ede860d2a4c48)

running 5 tests
test test_sd_002_debug_assertions_active_in_test_binary ... ok
test test_sd_002_cfg_test_gate_present_in_source ... ok
test test_sd_002_new_for_test_signature_unchanged ... ok
test test_sd_002_new_for_test_honors_auth_header ... ok
test test_sd_002_ac004_audit_no_in_process_jr_auth_header_readers ... ok

test result: ok. 5 passed; 0 failed; 0 ignored; 0 measured; 0 filtered out; finished in 0.05s

     Running tests/auth_list_status.rs (target/debug/deps/auth_list_status-67442b6af3c2b331)

running 2 tests
test test_bc_1_6_049_renderers_are_probe_free ... ok
test test_probe_matching_kind_credential_single_shared_source ... ok

test result: ok. 2 passed; 0 failed; 0 ignored; 0 measured; 0 filtered out; finished in 0.00s

     Running tests/auth_login_config_errors.rs (target/debug/deps/auth_login_config_errors-2b7b45070348eb98)

running 27 tests
test common::wf::tests::test_char_byte_table_ascii_only_is_identity ... ok
test common::wf::tests::test_char_byte_table_multibyte_characters_diverge_from_char_index ... ok
test common::wf::tests::test_find_key_node_properties_detects_anchor_nested_two_levels_deep ... ok
test common::wf::tests::test_find_key_node_properties_clean_mapping_returns_empty ... ok
test common::wf::tests::test_skip_node_advances_past_alias ... ok
test common::wf::tests::test_find_key_node_properties_detects_anchor_on_mapping_key ... ok
test common::wf::tests::test_line_start_char_idx_recovers_via_col_not_rescan ... ok
test common::wf::tests::test_descend_as_mappings_panics_on_duplicate_key_within_final_level - should panic ... ok
test common::wf::tests::test_parse_single_job_panics_on_multi_entry_root - should panic ... ok
test common::wf::tests::test_root_level_nested_keys_succeeds_with_no_duplicates ... ok
test common::wf::tests::test_find_key_node_properties_panics_on_multi_document_stream - should panic ... ok
test common::wf::tests::test_root_level_nested_keys_panics_on_duplicate_root_env_block - should panic ... ok
test common::wf::tests::test_parse_single_job_matches_whole_document_parse_for_same_job ... ok
test common::wf::tests::test_find_key_node_properties_detects_tag_on_mapping_key ... ok
test common::wf::tests::test_read_mapping_and_read_sequence_on_nested_structures ... ok
test common::wf::tests::test_wfdoc_parse_accepts_comment_only_stream_as_empty_result ... ok
test common::wf::tests::test_wfdoc_parse_accepts_empty_string_as_empty_result ... ok
test common::wf::tests::test_wfdoc_parse_accepts_single_implicit_document ... ok
test common::wf::tests::test_wfdoc_parse_accepts_single_explicit_document_marker ... ok
test common::wf::tests::test_wfdoc_parse_accepts_whitespace_only_stream_as_empty_result ... ok
test common::wf::tests::test_wfdoc_parse_job_spans_correct_across_multibyte_content ... ok
test common::wf::tests::test_wfdoc_parse_last_job_span_excludes_trailing_root_key ... ok
test common::wf::tests::test_wfdoc_parse_last_job_span_includes_full_trailing_block_scalar_when_jobs_is_last_root_key ... ok
test common::wf::tests::test_wfdoc_parse_panics_on_duplicate_root_jobs_key - should panic ... ok
test common::wf::tests::test_wfdoc_parse_panics_on_second_yaml_document - should panic ... ok
test common::wf::tests::test_wf_rs_test_count_matches_expected_denominator ... ok
test auth_login_surfaces_malformed_config_without_overwriting ... ok

test result: ok. 27 passed; 0 failed; 0 ignored; 0 measured; 0 filtered out; finished in 0.02s

     Running tests/auth_oauth_default_creation.rs (target/debug/deps/auth_oauth_default_creation-7c167d075891b4e1)

running 58 tests
test common::wf::tests::test_char_byte_table_ascii_only_is_identity ... ok
test common::wf::tests::test_line_start_char_idx_recovers_via_col_not_rescan ... ok
test common::wf::tests::test_find_key_node_properties_detects_anchor_on_mapping_key ... ok
test common::wf::tests::test_read_mapping_and_read_sequence_on_nested_structures ... ok
test common::wf::tests::test_root_level_nested_keys_succeeds_with_no_duplicates ... ok
test common::wf::tests::test_char_byte_table_multibyte_characters_diverge_from_char_index ... ok
test common::wf::tests::test_find_key_node_properties_detects_tag_on_mapping_key ... ok
test common::wf::tests::test_find_key_node_properties_clean_mapping_returns_empty ... ok
test common::wf::tests::test_descend_as_mappings_panics_on_duplicate_key_within_final_level - should panic ... ok
test common::wf::tests::test_parse_single_job_panics_on_multi_entry_root - should panic ... ok
test common::wf::tests::test_root_level_nested_keys_panics_on_duplicate_root_env_block - should panic ... ok
test common::wf::tests::test_parse_single_job_matches_whole_document_parse_for_same_job ... ok
test common::wf::tests::test_find_key_node_properties_detects_anchor_nested_two_levels_deep ... ok
test common::wf::tests::test_wfdoc_parse_accepts_empty_string_as_empty_result ... ok
test common::wf::tests::test_wfdoc_parse_accepts_comment_only_stream_as_empty_result ... ok
test common::wf::tests::test_find_key_node_properties_panics_on_multi_document_stream - should panic ... ok
test common::wf::tests::test_skip_node_advances_past_alias ... ok
test common::wf::tests::test_wfdoc_parse_accepts_single_implicit_document ... ok
test common::wf::tests::test_wfdoc_parse_accepts_single_explicit_document_marker ... ok
test common::wf::tests::test_wfdoc_parse_job_spans_correct_across_multibyte_content ... ok
test helper_emit_api_token_inert_notice_json ... ignored, invoked only via relaunch_self from test_bc_1_2_050_inert_notice_silent_under_json_mode
test common::wf::tests::test_wfdoc_parse_accepts_whitespace_only_stream_as_empty_result ... ok
test common::wf::tests::test_wfdoc_parse_last_job_span_excludes_trailing_root_key ... ok
test common::wf::tests::test_wfdoc_parse_last_job_span_includes_full_trailing_block_scalar_when_jobs_is_last_root_key ... ok
test common::wf::tests::test_wfdoc_parse_panics_on_duplicate_root_jobs_key - should panic ... ok
test common::wf::tests::test_wfdoc_parse_panics_on_second_yaml_document - should panic ... ok
test helper_emit_api_token_inert_notice_table ... ignored, invoked only via relaunch_self from test_bc_1_2_050_inert_notice_prints_to_stderr_in_table_mode
test helper_emit_oauth_deprecation_notice_json ... ignored, invoked only via relaunch_self from test_ec_1_2_049_1_deprecation_notice_silent_under_json_mode
test helper_emit_oauth_flag_notice_table ... ignored, invoked only via relaunch_self from test_bc_1_2_049_deprecation_notice_prints_to_stderr_in_table_mode
test test_ac_007_handle_login_noninteractive_mechanism_switch_clears_outgoing_oauth_creds ... ignored, requires keyring backend; set JR_RUN_KEYRING_TESTS=1 to run
test test_ac_009_from_config_resolves_api_token_when_auth_method_absent_end_to_end ... ignored, requires keyring backend; set JR_RUN_KEYRING_TESTS=1 to run
test test_ac_010_handle_login_noninteractive_explicit_oauth_fails_with_guard_message_not_credentials_message ... ignored, requires keyring backend; set JR_RUN_KEYRING_TESTS=1 to run
test test_ac_011_refresh_noninteractive_implicit_oauth_profile_fails_with_guard_message_not_credentials_message ... ignored, requires keyring backend; set JR_RUN_KEYRING_TESTS=1 to run
test test_bc_1_1_016_guard_allows_interactive_non_oauth ... ok
test test_bc_1_1_016_guard_allows_interactive_oauth ... ok
test test_bc_1_1_016_guard_allows_noninteractive_non_oauth ... ok
test test_bc_1_1_016_guard_message_constant_is_exact ... ok
test test_ec_1_1_013_2_clear_outgoing_mechanism_on_switch_clears_only_outgoing_kind ... ignored, requires keyring backend; set JR_RUN_KEYRING_TESTS=1 to run
test test_ec_1_1_013_2_clear_outgoing_mechanism_on_switch_with_notice_still_succeeds ... ignored, requires keyring backend; set JR_RUN_KEYRING_TESTS=1 to run
test test_ec_1_1_016_3_refresh_api_token_flag_does_not_bypass_oauth_guard ... ignored, requires keyring backend; set JR_RUN_KEYRING_TESTS=1 to run
test test_fix_f5_cycle4_1_low1_brand_new_none_labelled_profile_clears_nothing ... ignored, requires keyring backend; set JR_RUN_KEYRING_TESTS=1 to run
test test_fix_f5_cycle4_1_low1_failed_login_on_none_labelled_profile_leaves_old_creds_and_auth_method_untouched ... ignored, requires keyring backend; set JR_RUN_KEYRING_TESTS=1 to run
test test_fix_f5_cycle4_1_low1_none_labelled_profile_with_stored_oauth_clears_orphan_on_successful_switch ... ignored, requires keyring backend; set JR_RUN_KEYRING_TESTS=1 to run
test test_fix_f5_failed_login_switch_preserves_outgoing_api_token_creds ... ignored, requires keyring backend; set JR_RUN_KEYRING_TESTS=1 to run
test test_fix_f5_successful_login_switch_stores_new_and_clears_outgoing_oauth_creds ... ignored, requires keyring backend; set JR_RUN_KEYRING_TESTS=1 to run
test test_bc_1_1_016_guard_rejects_noninteractive_explicit_oauth ... ok
test test_med1_picker_defaults_to_token_first_when_stdin_not_a_tty ... ok
test common::wf::tests::test_wf_rs_test_count_matches_expected_denominator ... ok
test test_bc_1_2_049_deprecation_notice_prints_to_stderr_in_table_mode ... ok
test test_ac_015_refresh_oauth_and_api_token_together_exits_2 ... ok
test test_bc_1_2_050_login_help_lists_api_token_flag ... ok
test test_ac_015_login_oauth_and_api_token_together_exits_2 ... ok
test test_bc_1_2_050_refresh_help_lists_api_token_flag ... ok
test test_bc_1_2_050_inert_notice_prints_to_stderr_in_table_mode ... ok
test test_ec_1_2_049_1_deprecation_notice_silent_under_json_mode ... ok
test test_bc_1_2_050_inert_notice_silent_under_json_mode ... ok
test test_vp_authdx_002_profile_config_auth_method_none_falls_back_to_api_token ... ok
test test_vp_authdx_001_noninteractive_default_reaches_token_path_not_oauth ... ok

test result: ok. 42 passed; 0 failed; 16 ignored; 0 measured; 0 filtered out; finished in 57.93s

     Running tests/auth_output_json.rs (target/debug/deps/auth_output_json-d5573e092871d111)

running 33 tests
test common::wf::tests::test_line_start_char_idx_recovers_via_col_not_rescan ... ok
test common::wf::tests::test_char_byte_table_multibyte_characters_diverge_from_char_index ... ok
test common::wf::tests::test_char_byte_table_ascii_only_is_identity ... ok
test common::wf::tests::test_find_key_node_properties_clean_mapping_returns_empty ... ok
test common::wf::tests::test_read_mapping_and_read_sequence_on_nested_structures ... ok
test common::wf::tests::test_find_key_node_properties_detects_anchor_nested_two_levels_deep ... ok
test common::wf::tests::test_root_level_nested_keys_succeeds_with_no_duplicates ... ok
test common::wf::tests::test_root_level_nested_keys_panics_on_duplicate_root_env_block - should panic ... ok
test common::wf::tests::test_skip_node_advances_past_alias ... ok
test common::wf::tests::test_find_key_node_properties_detects_anchor_on_mapping_key ... ok
test common::wf::tests::test_find_key_node_properties_detects_tag_on_mapping_key ... ok
test common::wf::tests::test_descend_as_mappings_panics_on_duplicate_key_within_final_level - should panic ... ok
test common::wf::tests::test_find_key_node_properties_panics_on_multi_document_stream - should panic ... ok
test common::wf::tests::test_parse_single_job_matches_whole_document_parse_for_same_job ... ok
test common::wf::tests::test_parse_single_job_panics_on_multi_entry_root - should panic ... ok
test common::wf::tests::test_wfdoc_parse_accepts_comment_only_stream_as_empty_result ... ok
test common::wf::tests::test_wfdoc_parse_accepts_empty_string_as_empty_result ... ok
test common::wf::tests::test_wfdoc_parse_accepts_single_explicit_document_marker ... ok
test common::wf::tests::test_wfdoc_parse_accepts_single_implicit_document ... ok
test common::wf::tests::test_wfdoc_parse_accepts_whitespace_only_stream_as_empty_result ... ok
test common::wf::tests::test_wfdoc_parse_job_spans_correct_across_multibyte_content ... ok
test test_auth_login_emits_json_when_output_json_set ... ignored, requires keyring backend; set JR_RUN_KEYRING_TESTS=1 to run
test common::wf::tests::test_wfdoc_parse_panics_on_duplicate_root_jobs_key - should panic ... ok
test common::wf::tests::test_wfdoc_parse_panics_on_second_yaml_document - should panic ... ok
test common::wf::tests::test_wfdoc_parse_last_job_span_excludes_trailing_root_key ... ok
test common::wf::tests::test_wfdoc_parse_last_job_span_includes_full_trailing_block_scalar_when_jobs_is_last_root_key ... ok
test common::wf::tests::test_wf_rs_test_count_matches_expected_denominator ... ok
test test_auth_logout_unset_auth_method_profile_treated_as_api_token ... ok
test test_auth_logout_api_token_profile_prints_exact_stderr_notice ... ok
test test_auth_switch_returns_json_ok ... ok
test test_auth_switch_unknown_profile_returns_json_error ... ok
test test_auth_logout_returns_json_ok ... ok
test test_auth_remove_returns_json_ok ... ok

test result: ok. 32 passed; 0 failed; 1 ignored; 0 measured; 0 filtered out; finished in 0.04s

     Running tests/auth_profiles.rs (target/debug/deps/auth_profiles-4fa6d7091da6b05a)

running 49 tests
test auth_login_creates_new_profile_with_url ... ignored, requires keyring backend; set JR_RUN_KEYRING_TESTS=1 to run
test auth_login_with_jr_profile_pointing_to_unrelated_profile_still_creates_target ... ignored, requires keyring backend; set JR_RUN_KEYRING_TESTS=1 to run
test common::wf::tests::test_find_key_node_properties_detects_tag_on_mapping_key ... ok
test common::wf::tests::test_char_byte_table_multibyte_characters_diverge_from_char_index ... ok
test common::wf::tests::test_find_key_node_properties_detects_anchor_on_mapping_key ... ok
test common::wf::tests::test_char_byte_table_ascii_only_is_identity ... ok
test common::wf::tests::test_find_key_node_properties_clean_mapping_returns_empty ... ok
test common::wf::tests::test_find_key_node_properties_detects_anchor_nested_two_levels_deep ... ok
test common::wf::tests::test_descend_as_mappings_panics_on_duplicate_key_within_final_level - should panic ... ok
test common::wf::tests::test_find_key_node_properties_panics_on_multi_document_stream - should panic ... ok
test common::wf::tests::test_line_start_char_idx_recovers_via_col_not_rescan ... ok
test common::wf::tests::test_parse_single_job_matches_whole_document_parse_for_same_job ... ok
test common::wf::tests::test_parse_single_job_panics_on_multi_entry_root - should panic ... ok
test common::wf::tests::test_read_mapping_and_read_sequence_on_nested_structures ... ok
test common::wf::tests::test_root_level_nested_keys_succeeds_with_no_duplicates ... ok
test common::wf::tests::test_root_level_nested_keys_panics_on_duplicate_root_env_block - should panic ... ok
test common::wf::tests::test_skip_node_advances_past_alias ... ok
test common::wf::tests::test_wfdoc_parse_accepts_comment_only_stream_as_empty_result ... ok
test common::wf::tests::test_wfdoc_parse_accepts_empty_string_as_empty_result ... ok
test common::wf::tests::test_wfdoc_parse_accepts_single_explicit_document_marker ... ok
test common::wf::tests::test_wfdoc_parse_accepts_single_implicit_document ... ok
test common::wf::tests::test_wfdoc_parse_accepts_whitespace_only_stream_as_empty_result ... ok
test common::wf::tests::test_wfdoc_parse_job_spans_correct_across_multibyte_content ... ok
test common::wf::tests::test_wfdoc_parse_last_job_span_excludes_trailing_root_key ... ok
test common::wf::tests::test_wfdoc_parse_last_job_span_includes_full_trailing_block_scalar_when_jobs_is_last_root_key ... ok
test global_profile_flag_targets_auth_status ... ignored, requires keyring backend; set JR_RUN_KEYRING_TESTS=1 to run
test common::wf::tests::test_wfdoc_parse_panics_on_duplicate_root_jobs_key - should panic ... ok
test common::wf::tests::test_wfdoc_parse_panics_on_second_yaml_document - should panic ... ok
test common::wf::tests::test_wf_rs_test_count_matches_expected_denominator ... ok
test auth_remove_active_profile_exits_64 ... ok
test auth_logout_unknown_profile_exits_64 ... ok
test auth_list_shows_no_profiles_for_fresh_install ... ok
test auth_status_fresh_install_no_profiles_succeeds ... ok
test test_bc_1_2_047_auth_switch_guard_fires_before_config_load_no_existence_check ... ok
test auth_status_unknown_profile_exits_64 ... ok
test test_bc_1_2_047_auth_switch_with_profile_flag_json_error_envelope_stderr_stdout_empty ... ok
test auth_switch_unknown_profile_exits_64 ... ok
test test_bc_1_2_047_auth_switch_profile_flag_rejected_when_leading_before_subcommand ... ok
test test_bc_1_2_047_auth_switch_with_profile_flag_exits_64 ... ok
test test_bc_1_2_047_auth_switch_charset_invalid_profile_preempted_by_validate_profile_name ... ok
test test_bc_1_2_047_auth_switch_jr_profile_env_var_not_rejected ... ok
test test_global_profile_flag_propagates_to_auth_logout_unknown_profile_exits_64 ... ok
test test_global_profile_flag_propagates_to_auth_refresh_unknown_profile_exits_64 ... ok
test test_global_profile_flag_propagates_to_auth_login_no_url_exits_64 ... ok
test test_global_profile_flag_propagates_to_auth_status_unknown_profile_exits_64 ... ok
test test_bc_1_2_047_auth_switch_profile_flag_rejected_regardless_of_order_or_value ... ok
test precedence_flag_overrides_env_overrides_config ... ok
test test_bc_1_2_018_auth_login_status_refresh_logout_profile_composition_unaffected ... ok
test test_bc_1_2_018_auth_list_remove_profile_flag_still_honored_not_rejected ... ok

test result: ok. 46 passed; 0 failed; 3 ignored; 0 measured; 0 filtered out; finished in 0.06s

     Running tests/auth_refresh.rs (target/debug/deps/auth_refresh-32486dd83f46f1f2)

running 29 tests
test common::wf::tests::test_char_byte_table_multibyte_characters_diverge_from_char_index ... ok
test common::wf::tests::test_find_key_node_properties_detects_anchor_on_mapping_key ... ok
test common::wf::tests::test_char_byte_table_ascii_only_is_identity ... ok
test common::wf::tests::test_find_key_node_properties_clean_mapping_returns_empty ... ok
test common::wf::tests::test_find_key_node_properties_detects_anchor_nested_two_levels_deep ... ok
test common::wf::tests::test_find_key_node_properties_detects_tag_on_mapping_key ... ok
test common::wf::tests::test_line_start_char_idx_recovers_via_col_not_rescan ... ok
test common::wf::tests::test_parse_single_job_panics_on_multi_entry_root - should panic ... ok
test common::wf::tests::test_find_key_node_properties_panics_on_multi_document_stream - should panic ... ok
test common::wf::tests::test_parse_single_job_matches_whole_document_parse_for_same_job ... ok
test common::wf::tests::test_read_mapping_and_read_sequence_on_nested_structures ... ok
test common::wf::tests::test_descend_as_mappings_panics_on_duplicate_key_within_final_level - should panic ... ok
test common::wf::tests::test_root_level_nested_keys_succeeds_with_no_duplicates ... ok
test common::wf::tests::test_root_level_nested_keys_panics_on_duplicate_root_env_block - should panic ... ok
test common::wf::tests::test_skip_node_advances_past_alias ... ok
test common::wf::tests::test_wfdoc_parse_accepts_comment_only_stream_as_empty_result ... ok
test common::wf::tests::test_wfdoc_parse_accepts_empty_string_as_empty_result ... ok
test common::wf::tests::test_wfdoc_parse_accepts_single_explicit_document_marker ... ok
test common::wf::tests::test_wfdoc_parse_accepts_single_implicit_document ... ok
test common::wf::tests::test_wfdoc_parse_accepts_whitespace_only_stream_as_empty_result ... ok
test common::wf::tests::test_wfdoc_parse_job_spans_correct_across_multibyte_content ... ok
test common::wf::tests::test_wfdoc_parse_last_job_span_excludes_trailing_root_key ... ok
test common::wf::tests::test_wfdoc_parse_last_job_span_includes_full_trailing_block_scalar_when_jobs_is_last_root_key ... ok
test common::wf::tests::test_wfdoc_parse_panics_on_duplicate_root_jobs_key - should panic ... ok
test common::wf::tests::test_wfdoc_parse_panics_on_second_yaml_document - should panic ... ok
test common::wf::tests::test_wf_rs_test_count_matches_expected_denominator ... ok
test auth_refresh_no_input_fails_with_clear_message ... ok
test auth_refresh_help_mentions_refresh_and_oauth ... ok
test auth_refresh_oauth_help_is_accepted ... ok

test result: ok. 29 passed; 0 failed; 0 ignored; 0 measured; 0 filtered out; finished in 0.04s

     Running tests/auth_remove_logout_semantics.rs (target/debug/deps/auth_remove_logout_semantics-059e7ce29cc34f1d)

running 10 tests
test test_ac_002_003_auth_remove_aborts_before_config_removal_on_genuine_keychain_error ... ignored, requires keyring backend; set JR_RUN_KEYRING_TESTS=1 to run
test test_ac_004_auth_remove_retry_after_resolved_backend_error_succeeds ... ignored, requires keyring backend; set JR_RUN_KEYRING_TESTS=1 to run
test test_bc_1_2_013_logout_clears_only_oauth_pair_preserves_api_token_pair ... ignored, requires keyring backend; set JR_RUN_KEYRING_TESTS=1 to run
test test_bc_1_2_014_auth_remove_deletes_both_credential_kinds_end_to_end ... ignored, requires keyring backend; set JR_RUN_KEYRING_TESTS=1 to run
test test_sec_1_auth_refresh_oauth_branch_preserves_api_token_pair ... ignored, requires keyring backend; set JR_RUN_KEYRING_TESTS=1 to run
test test_sec_3_clear_profile_creds_is_profile_scoped_not_global ... ignored, requires keyring backend; set JR_RUN_KEYRING_TESTS=1 to run
test test_ac_007_auth_logout_api_token_json_mode_exits_ok ... ok
test test_ac_006_auth_logout_api_token_profile_exits_ok_and_preserves_config ... ok
test test_ac_001_and_ec_1_2_014_2_auth_remove_full_delete_removes_profile_entry has been running for over 60 seconds
test test_ac_008_auth_logout_oauth_profile_regression_pin_exits_ok has been running for over 60 seconds
test test_ac_001_and_ec_1_2_014_2_auth_remove_full_delete_removes_profile_entry ... ok
test test_ac_008_auth_logout_oauth_profile_regression_pin_exits_ok ... ok

test result: ok. 4 passed; 0 failed; 6 ignored; 0 measured; 0 filtered out; finished in 65.57s

     Running tests/auth_status_json.rs (target/debug/deps/auth_status_json-56df558910314b41)

running 34 tests
test common::wf::tests::test_find_key_node_properties_detects_anchor_nested_two_levels_deep ... ok
test common::wf::tests::test_find_key_node_properties_clean_mapping_returns_empty ... ok
test common::wf::tests::test_char_byte_table_ascii_only_is_identity ... ok
test common::wf::tests::test_find_key_node_properties_detects_anchor_on_mapping_key ... ok
test common::wf::tests::test_line_start_char_idx_recovers_via_col_not_rescan ... ok
test common::wf::tests::test_find_key_node_properties_detects_tag_on_mapping_key ... ok
test common::wf::tests::test_find_key_node_properties_panics_on_multi_document_stream - should panic ... ok
test common::wf::tests::test_parse_single_job_panics_on_multi_entry_root - should panic ... ok
test common::wf::tests::test_read_mapping_and_read_sequence_on_nested_structures ... ok
test common::wf::tests::test_parse_single_job_matches_whole_document_parse_for_same_job ... ok
test common::wf::tests::test_root_level_nested_keys_succeeds_with_no_duplicates ... ok
test common::wf::tests::test_char_byte_table_multibyte_characters_diverge_from_char_index ... ok
test common::wf::tests::test_skip_node_advances_past_alias ... ok
test common::wf::tests::test_root_level_nested_keys_panics_on_duplicate_root_env_block - should panic ... ok
test common::wf::tests::test_wfdoc_parse_accepts_comment_only_stream_as_empty_result ... ok
test common::wf::tests::test_descend_as_mappings_panics_on_duplicate_key_within_final_level - should panic ... ok
test common::wf::tests::test_wfdoc_parse_accepts_empty_string_as_empty_result ... ok
test common::wf::tests::test_wfdoc_parse_accepts_single_explicit_document_marker ... ok
test common::wf::tests::test_wfdoc_parse_accepts_single_implicit_document ... ok
test common::wf::tests::test_wfdoc_parse_accepts_whitespace_only_stream_as_empty_result ... ok
test common::wf::tests::test_wfdoc_parse_job_spans_correct_across_multibyte_content ... ok
test test_bc_1_6_050_ec4_url_none_credential_present_divergence_is_intentional ... ignored, keyring-gated: requires JR_RUN_KEYRING_TESTS=1 and a url:None + credential-present fixture
test test_bc_1_6_050_status_human_text_byte_for_byte_unchanged ... ignored, keyring-gated: requires JR_RUN_KEYRING_TESTS=1 and a seeded keychain fixture
test common::wf::tests::test_wfdoc_parse_last_job_span_includes_full_trailing_block_scalar_when_jobs_is_last_root_key ... ok
test common::wf::tests::test_wfdoc_parse_last_job_span_excludes_trailing_root_key ... ok
test common::wf::tests::test_wfdoc_parse_panics_on_duplicate_root_jobs_key - should panic ... ok
test common::wf::tests::test_wfdoc_parse_panics_on_second_yaml_document - should panic ... ok
test test_bc_1_6_050_status_json_status_uses_shared_derivation ... ok
test test_bc_1_6_050_json_builder_is_probe_free ... ok
test test_vp_authdx_029_status_text_agrees_with_matching_kind_present ... ignored, keyring-gated: requires JR_RUN_KEYRING_TESTS=1 and a seeded keychain fixture
test common::wf::tests::test_wf_rs_test_count_matches_expected_denominator ... ok
test test_bc_1_6_050_ec2_fresh_install_no_json_output ... ok
test test_bc_1_6_050_ec1_unknown_profile_json_still_standard_error_envelope ... ok
test test_bc_1_6_050_status_success_dispatch_arms_covered ... ok

test result: ok. 31 passed; 0 failed; 3 ignored; 0 measured; 0 filtered out; finished in 0.09s

     Running tests/backfill_matrix_parity.rs (target/debug/deps/backfill_matrix_parity-86baba24f52eb873)

running 37 tests
test common::wf::tests::test_char_byte_table_multibyte_characters_diverge_from_char_index ... ok
test common::wf::tests::test_char_byte_table_ascii_only_is_identity ... ok
test common::wf::tests::test_find_key_node_properties_clean_mapping_returns_empty ... ok
test common::wf::tests::test_find_key_node_properties_detects_anchor_nested_two_levels_deep ... ok
test common::wf::tests::test_read_mapping_and_read_sequence_on_nested_structures ... ok
test common::wf::tests::test_find_key_node_properties_detects_anchor_on_mapping_key ... ok
test common::wf::tests::test_parse_single_job_panics_on_multi_entry_root - should panic ... ok
test common::wf::tests::test_root_level_nested_keys_succeeds_with_no_duplicates ... ok
test common::wf::tests::test_root_level_nested_keys_panics_on_duplicate_root_env_block - should panic ... ok
test common::wf::tests::test_line_start_char_idx_recovers_via_col_not_rescan ... ok
test common::wf::tests::test_find_key_node_properties_detects_tag_on_mapping_key ... ok
test common::wf::tests::test_descend_as_mappings_panics_on_duplicate_key_within_final_level - should panic ... ok
test common::wf::tests::test_parse_single_job_matches_whole_document_parse_for_same_job ... ok
test common::wf::tests::test_find_key_node_properties_panics_on_multi_document_stream - should panic ... ok
test common::wf::tests::test_skip_node_advances_past_alias ... ok
test common::wf::tests::test_wfdoc_parse_accepts_comment_only_stream_as_empty_result ... ok
test common::wf::tests::test_wfdoc_parse_accepts_empty_string_as_empty_result ... ok
test common::wf::tests::test_wfdoc_parse_accepts_single_explicit_document_marker ... ok
test common::wf::tests::test_wfdoc_parse_accepts_whitespace_only_stream_as_empty_result ... ok
test common::wf::tests::test_wfdoc_parse_accepts_single_implicit_document ... ok
test common::wf::tests::test_wfdoc_parse_job_spans_correct_across_multibyte_content ... ok
test common::wf::tests::test_wfdoc_parse_last_job_span_excludes_trailing_root_key ... ok
test common::wf::tests::test_wfdoc_parse_last_job_span_includes_full_trailing_block_scalar_when_jobs_is_last_root_key ... ok
test common::wf::tests::test_wfdoc_parse_panics_on_duplicate_root_jobs_key - should panic ... ok
test common::wf::tests::test_wfdoc_parse_panics_on_second_yaml_document - should panic ... ok
test common::wf::tests::test_wf_rs_test_count_matches_expected_denominator ... ok
test test_backfill_release_job_has_no_delete_command ... ok
test test_backfill_release_job_has_draft_detection ... ok
test test_backfill_matrix_parity_matches_release_yml ... ok
test test_backfill_release_job_has_no_or_true_silencer ... ok
test test_backfill_release_job_has_upsert_view_check ... ok
test test_backfill_build_matrix_contains_windows_target ... ok
test test_backfill_build_step_declares_shell_bash ... ok
test test_backfill_upload_artifact_includes_zip ... ok
test test_backfill_release_job_has_upsert_upload_branch ... ok
test test_backfill_release_job_zip_in_both_upsert_branches ... ok
test test_backfill_unix_package_step_declares_shell_bash ... ok

test result: ok. 37 passed; 0 failed; 0 ignored; 0 measured; 0 filtered out; finished in 0.02s

     Running tests/base_url_release_gate.rs (target/debug/deps/base_url_release_gate-74e45472848c1c92)

running 4 tests
test test_335_debug_assertions_active_in_test_binary ... ok
test test_335_cfg_gate_present_in_client_source ... ok
test test_335_cfg_gate_present_in_config_source ... ok
test test_335_new_for_test_unaffected_by_env_gate ... ok

test result: ok. 4 passed; 0 failed; 0 ignored; 0 measured; 0 filtered out; finished in 0.01s

     Running tests/board_commands.rs (target/debug/deps/board_commands-7e0f1accab20f3b8)

running 50 tests
test common::wf::tests::test_line_start_char_idx_recovers_via_col_not_rescan ... ok
test common::wf::tests::test_read_mapping_and_read_sequence_on_nested_structures ... ok
test common::wf::tests::test_find_key_node_properties_detects_anchor_nested_two_levels_deep ... ok
test common::wf::tests::test_char_byte_table_multibyte_characters_diverge_from_char_index ... ok
test common::wf::tests::test_char_byte_table_ascii_only_is_identity ... ok
test common::wf::tests::test_find_key_node_properties_detects_anchor_on_mapping_key ... ok
test common::wf::tests::test_find_key_node_properties_detects_tag_on_mapping_key ... ok
test common::wf::tests::test_find_key_node_properties_clean_mapping_returns_empty ... ok
test common::wf::tests::test_parse_single_job_matches_whole_document_parse_for_same_job ... ok
test common::wf::tests::test_find_key_node_properties_panics_on_multi_document_stream - should panic ... ok
test common::wf::tests::test_parse_single_job_panics_on_multi_entry_root - should panic ... ok
test common::wf::tests::test_descend_as_mappings_panics_on_duplicate_key_within_final_level - should panic ... ok
test common::wf::tests::test_root_level_nested_keys_panics_on_duplicate_root_env_block - should panic ... ok
test common::wf::tests::test_root_level_nested_keys_succeeds_with_no_duplicates ... ok
test common::wf::tests::test_skip_node_advances_past_alias ... ok
test common::wf::tests::test_wfdoc_parse_accepts_comment_only_stream_as_empty_result ... ok
test common::wf::tests::test_wfdoc_parse_accepts_empty_string_as_empty_result ... ok
test common::wf::tests::test_wfdoc_parse_accepts_single_explicit_document_marker ... ok
test common::wf::tests::test_wfdoc_parse_accepts_single_implicit_document ... ok
test common::wf::tests::test_wfdoc_parse_accepts_whitespace_only_stream_as_empty_result ... ok
test common::wf::tests::test_wfdoc_parse_job_spans_correct_across_multibyte_content ... ok
test common::wf::tests::test_wfdoc_parse_last_job_span_excludes_trailing_root_key ... ok
test common::wf::tests::test_wfdoc_parse_panics_on_duplicate_root_jobs_key - should panic ... ok
test common::wf::tests::test_wfdoc_parse_last_job_span_includes_full_trailing_block_scalar_when_jobs_is_last_root_key ... ok
test common::wf::tests::test_wfdoc_parse_panics_on_second_yaml_document - should panic ... ok
test common::wf::tests::test_wf_rs_test_count_matches_expected_denominator ... ok
test resolve_board_uses_explicit_board_override ... ok
test resolve_board_errors_without_project_or_board ... ok
test resolve_board_errors_on_no_boards ... ok
test list_boards_without_filters ... ok
test list_boards_empty_result ... ok
test resolve_board_auto_discovers_single_scrum_board ... ok
test resolve_board_errors_on_multiple_boards ... ok
test get_sprint_issues_with_limit ... ok
test list_boards_with_project_and_type_filter ... ok
test get_sprint_issues_no_limit ... ok
test test_bc_x_15_001_board_401_without_scope_substring_falls_through_to_refresh ... ignored, requires keyring backend; set JR_RUN_KEYRING_TESTS=1 to run
test search_issues_with_limit ... ok
test board_view_limit_and_all_conflict ... ok
test board_list_network_drop_surfaces_reach_error ... ok
test board_list_server_error_surfaces_friendly_message ... ok
test board_list_unauthorized_dispatches_reauth_message ... ok
test test_bc_x_15_001_resolve_board_id_401_scope_mismatch_rewrite ... ok
test test_bc_x_15_001_board_401_under_api_token_unaffected ... ok
test test_bc_x_15_001_board_401_composite_body_scope_mismatch_wins ... ok
test test_bc_x_15_001_board_401_unrecognized_body_falls_through_unchanged ... ok
test test_bc_x_15_001_board_list_401_scope_mismatch_names_missing_scopes ... ok
test test_bc_x_15_001_board_view_401_scope_mismatch_names_admin_scope ... ok
test test_bc_x_15_001_board_view_scrum_list_sprints_401_scope_mismatch_rewrite ... ok
test test_bc_x_15_001_board_view_scrum_get_sprint_issues_401_scope_mismatch_rewrite ... ok

test result: ok. 49 passed; 0 failed; 1 ignored; 0 measured; 0 filtered out; finished in 0.04s

     Running tests/boards_sprints_holdouts.rs (target/debug/deps/boards_sprints_holdouts-b89ba05907673443)

running 35 tests
test common::wf::tests::test_char_byte_table_ascii_only_is_identity ... ok
test common::wf::tests::test_char_byte_table_multibyte_characters_diverge_from_char_index ... ok
test common::wf::tests::test_line_start_char_idx_recovers_via_col_not_rescan ... ok
test common::wf::tests::test_find_key_node_properties_clean_mapping_returns_empty ... ok
test common::wf::tests::test_find_key_node_properties_detects_anchor_on_mapping_key ... ok
test common::wf::tests::test_find_key_node_properties_detects_anchor_nested_two_levels_deep ... ok
test common::wf::tests::test_find_key_node_properties_detects_tag_on_mapping_key ... ok
test common::wf::tests::test_read_mapping_and_read_sequence_on_nested_structures ... ok
test common::wf::tests::test_root_level_nested_keys_succeeds_with_no_duplicates ... ok
test common::wf::tests::test_skip_node_advances_past_alias ... ok
test common::wf::tests::test_parse_single_job_matches_whole_document_parse_for_same_job ... ok
test common::wf::tests::test_wfdoc_parse_accepts_comment_only_stream_as_empty_result ... ok
test common::wf::tests::test_wfdoc_parse_accepts_empty_string_as_empty_result ... ok
test common::wf::tests::test_find_key_node_properties_panics_on_multi_document_stream - should panic ... ok
test common::wf::tests::test_root_level_nested_keys_panics_on_duplicate_root_env_block - should panic ... ok
test common::wf::tests::test_descend_as_mappings_panics_on_duplicate_key_within_final_level - should panic ... ok
test common::wf::tests::test_parse_single_job_panics_on_multi_entry_root - should panic ... ok
test common::wf::tests::test_wfdoc_parse_accepts_single_explicit_document_marker ... ok
test common::wf::tests::test_wfdoc_parse_accepts_single_implicit_document ... ok
test common::wf::tests::test_wfdoc_parse_accepts_whitespace_only_stream_as_empty_result ... ok
test common::wf::tests::test_wfdoc_parse_job_spans_correct_across_multibyte_content ... ok
test common::wf::tests::test_wfdoc_parse_last_job_span_excludes_trailing_root_key ... ok
test common::wf::tests::test_wfdoc_parse_last_job_span_includes_full_trailing_block_scalar_when_jobs_is_last_root_key ... ok
test common::wf::tests::test_wfdoc_parse_panics_on_duplicate_root_jobs_key - should panic ... ok
test common::wf::tests::test_wfdoc_parse_panics_on_second_yaml_document - should panic ... ok
test common::wf::tests::test_wf_rs_test_count_matches_expected_denominator ... ok
test test_s_2_04_h_041_bc_5_2_007_sprint_add_json_has_sprint_id ... ok
test test_s_2_04_h_041_bc_5_2_008_sprint_remove_json_has_no_sprint_id ... ok
test test_s_2_04_h_042_bc_5_2_001_kanban_board_errors_on_sprint_list ... ok
test test_s_2_04_h_043_bc_5_3_002_team_column_absent_when_no_uuid_set ... ok
test test_s_2_04_h_040_bc_5_2_005_under_limit_shows_all_no_hint ... ok
test test_s_2_04_h_040_bc_5_2_005_all_flag_shows_all_35_no_hint ... ok
test test_s_2_04_h_040_bc_5_2_005_truncates_to_30_with_hint_when_35_issues ... ok
test test_s_2_04_h_044_bc_7_2_019_adf_renders_heading_paragraph_and_mention_text ... ok
test test_s_2_04_h_043_bc_5_3_001_team_column_present_when_field_and_uuid_set ... ok

test result: ok. 35 passed; 0 failed; 0 ignored; 0 measured; 0 filtered out; finished in 0.04s

     Running tests/bulk_await_timeout_release_gate.rs (target/debug/deps/bulk_await_timeout_release_gate-b921be502e9e01e9)

running 2 tests
test test_333_debug_assertions_active_in_test_binary ... ok
test test_333_cfg_gate_present_in_bulk_source ... ok

test result: ok. 2 passed; 0 failed; 0 ignored; 0 measured; 0 filtered out; finished in 0.00s

     Running tests/bulk_deadline_propagation.rs (target/debug/deps/bulk_deadline_propagation-c2b9a2f663113c87)

running 28 tests
test common::wf::tests::test_line_start_char_idx_recovers_via_col_not_rescan ... ok
test common::wf::tests::test_find_key_node_properties_clean_mapping_returns_empty ... ok
test common::wf::tests::test_char_byte_table_multibyte_characters_diverge_from_char_index ... ok
test common::wf::tests::test_find_key_node_properties_detects_anchor_on_mapping_key ... ok
test common::wf::tests::test_find_key_node_properties_detects_anchor_nested_two_levels_deep ... ok
test common::wf::tests::test_char_byte_table_ascii_only_is_identity ... ok
test common::wf::tests::test_skip_node_advances_past_alias ... ok
test common::wf::tests::test_find_key_node_properties_detects_tag_on_mapping_key ... ok
test common::wf::tests::test_root_level_nested_keys_panics_on_duplicate_root_env_block - should panic ... ok
test common::wf::tests::test_root_level_nested_keys_succeeds_with_no_duplicates ... ok
test common::wf::tests::test_read_mapping_and_read_sequence_on_nested_structures ... ok
test common::wf::tests::test_wfdoc_parse_accepts_comment_only_stream_as_empty_result ... ok
test common::wf::tests::test_wfdoc_parse_accepts_empty_string_as_empty_result ... ok
test common::wf::tests::test_find_key_node_properties_panics_on_multi_document_stream - should panic ... ok
test common::wf::tests::test_parse_single_job_matches_whole_document_parse_for_same_job ... ok
test common::wf::tests::test_descend_as_mappings_panics_on_duplicate_key_within_final_level - should panic ... ok
test common::wf::tests::test_parse_single_job_panics_on_multi_entry_root - should panic ... ok
test common::wf::tests::test_wfdoc_parse_accepts_single_explicit_document_marker ... ok
test common::wf::tests::test_wfdoc_parse_accepts_single_implicit_document ... ok
test common::wf::tests::test_wfdoc_parse_job_spans_correct_across_multibyte_content ... ok
test common::wf::tests::test_wfdoc_parse_last_job_span_excludes_trailing_root_key ... ok
test common::wf::tests::test_wfdoc_parse_last_job_span_includes_full_trailing_block_scalar_when_jobs_is_last_root_key ... ok
test common::wf::tests::test_wfdoc_parse_panics_on_duplicate_root_jobs_key - should panic ... ok
test common::wf::tests::test_wfdoc_parse_panics_on_second_yaml_document - should panic ... ok
test common::wf::tests::test_wfdoc_parse_accepts_whitespace_only_stream_as_empty_result ... ok
test common::wf::tests::test_wf_rs_test_count_matches_expected_denominator ... ok
test test_333_b1_bulk_running_storm_respects_deadline_via_outer_clamp ... ok
test test_333_bulk_429_storm_respects_deadline_within_grace ... ok

test result: ok. 28 passed; 0 failed; 0 ignored; 0 measured; 0 filtered out; finished in 30.05s

     Running tests/bulk_unknown_grace_release_gate.rs (target/debug/deps/bulk_unknown_grace_release_gate-77a534c28e664a13)

running 2 tests
test test_336_debug_assertions_active_in_test_binary ... ok
test test_336_cfg_gate_present_in_bulk_source ... ok

test result: ok. 2 passed; 0 failed; 0 ignored; 0 measured; 0 filtered out; finished in 0.00s

     Running tests/cache_warm_hit.rs (target/debug/deps/cache_warm_hit-20133a6a96265a11)

running 31 tests
test common::wf::tests::test_line_start_char_idx_recovers_via_col_not_rescan ... ok
test common::wf::tests::test_char_byte_table_multibyte_characters_diverge_from_char_index ... ok
test common::wf::tests::test_char_byte_table_ascii_only_is_identity ... ok
test common::wf::tests::test_find_key_node_properties_detects_anchor_nested_two_levels_deep ... ok
test common::wf::tests::test_find_key_node_properties_detects_anchor_on_mapping_key ... ok
test common::wf::tests::test_root_level_nested_keys_succeeds_with_no_duplicates ... ok
test common::wf::tests::test_skip_node_advances_past_alias ... ok
test common::wf::tests::test_find_key_node_properties_clean_mapping_returns_empty ... ok
test common::wf::tests::test_read_mapping_and_read_sequence_on_nested_structures ... ok
test common::wf::tests::test_wfdoc_parse_accepts_comment_only_stream_as_empty_result ... ok
test common::wf::tests::test_wfdoc_parse_accepts_empty_string_as_empty_result ... ok
test common::wf::tests::test_descend_as_mappings_panics_on_duplicate_key_within_final_level - should panic ... ok
test common::wf::tests::test_find_key_node_properties_detects_tag_on_mapping_key ... ok
test common::wf::tests::test_wfdoc_parse_accepts_single_explicit_document_marker ... ok
test common::wf::tests::test_find_key_node_properties_panics_on_multi_document_stream - should panic ... ok
test common::wf::tests::test_parse_single_job_matches_whole_document_parse_for_same_job ... ok
test common::wf::tests::test_root_level_nested_keys_panics_on_duplicate_root_env_block - should panic ... ok
test common::wf::tests::test_wfdoc_parse_accepts_whitespace_only_stream_as_empty_result ... ok
test common::wf::tests::test_wfdoc_parse_job_spans_correct_across_multibyte_content ... ok
test common::wf::tests::test_parse_single_job_panics_on_multi_entry_root - should panic ... ok
test common::wf::tests::test_wfdoc_parse_last_job_span_excludes_trailing_root_key ... ok
test common::wf::tests::test_wfdoc_parse_last_job_span_includes_full_trailing_block_scalar_when_jobs_is_last_root_key ... ok
test common::wf::tests::test_wfdoc_parse_panics_on_duplicate_root_jobs_key - should panic ... ok
test common::wf::tests::test_wfdoc_parse_panics_on_second_yaml_document - should panic ... ok
test common::wf::tests::test_wfdoc_parse_accepts_single_implicit_document ... ok
test common::wf::tests::test_wf_rs_test_count_matches_expected_denominator ... ok
test test_resolutions_warm_cache_skips_http ... ok
test test_project_meta_warm_cache_skips_http ... ok
test test_cmdb_fields_warm_cache_skips_http ... ok
test test_object_type_attrs_warm_cache_skips_http ... ok
test test_team_list_warm_cache_skips_http ... ok

test result: ok. 31 passed; 0 failed; 0 ignored; 0 measured; 0 filtered out; finished in 0.05s

     Running tests/ci_gate_completeness.rs (target/debug/deps/ci_gate_completeness-8ae51da5d0cd769a)

running 101 tests
test common::wf::tests::test_line_start_char_idx_recovers_via_col_not_rescan ... ok
test common::wf::tests::test_char_byte_table_multibyte_characters_diverge_from_char_index ... ok
test common::wf::tests::test_find_key_node_properties_detects_anchor_on_mapping_key ... ok
test common::wf::tests::test_find_key_node_properties_detects_anchor_nested_two_levels_deep ... ok
test common::wf::tests::test_find_key_node_properties_detects_tag_on_mapping_key ... ok
test common::wf::tests::test_read_mapping_and_read_sequence_on_nested_structures ... ok
test common::wf::tests::test_root_level_nested_keys_succeeds_with_no_duplicates ... ok
test common::wf::tests::test_root_level_nested_keys_panics_on_duplicate_root_env_block - should panic ... ok
test common::wf::tests::test_skip_node_advances_past_alias ... ok
test common::wf::tests::test_find_key_node_properties_clean_mapping_returns_empty ... ok
test common::wf::tests::test_find_key_node_properties_panics_on_multi_document_stream - should panic ... ok
test common::wf::tests::test_descend_as_mappings_panics_on_duplicate_key_within_final_level - should panic ... ok
test common::wf::tests::test_parse_single_job_matches_whole_document_parse_for_same_job ... ok
test common::wf::tests::test_parse_single_job_panics_on_multi_entry_root - should panic ... ok
test common::wf::tests::test_char_byte_table_ascii_only_is_identity ... ok
test common::wf::tests::test_wfdoc_parse_accepts_comment_only_stream_as_empty_result ... ok
test common::wf::tests::test_wfdoc_parse_accepts_empty_string_as_empty_result ... ok
test common::wf::tests::test_wfdoc_parse_accepts_single_explicit_document_marker ... ok
test common::wf::tests::test_wfdoc_parse_accepts_whitespace_only_stream_as_empty_result ... ok
test common::wf::tests::test_wfdoc_parse_accepts_single_implicit_document ... ok
test common::wf::tests::test_wfdoc_parse_job_spans_correct_across_multibyte_content ... ok
test common::wf::tests::test_wfdoc_parse_last_job_span_excludes_trailing_root_key ... ok
test common::wf::tests::test_wfdoc_parse_panics_on_duplicate_root_jobs_key - should panic ... ok
test common::wf::tests::test_wfdoc_parse_last_job_span_includes_full_trailing_block_scalar_when_jobs_is_last_root_key ... ok
test common::wf::tests::test_wfdoc_parse_panics_on_second_yaml_document - should panic ... ok
test test_b1_if_expr_rejects_value_side_anchor ... ok
test test_b1_needs_json_line_rejects_value_side_anchor ... ok
test test_b1_needs_line_rejects_value_side_tag ... ok
test test_b1_sole_run_line_rejects_value_side_anchor ... ok
test test_b1_step_run_line_by_name_rejects_value_side_anchor ... ok
test test_ac_008_guards_are_key_spelling_and_indent_agnostic ... ok
test test_b1_needs_line_rejects_value_side_anchor ... ok
test test_allowed_skips_has_exactly_four_code_level_references ... ok
test common::wf::tests::test_wf_rs_test_count_matches_expected_denominator ... ok
test test_check_ci_gate_sh_and_mutants_aggregate_sh_source_shared_trusted_jq_helper ... ok
test test_ci_gate_fails_on_failed_or_cancelled_need ... ok
test test_ci_gate_needs_exactly_the_required_jobs ... ok
test test_ci_gate_job_exists_with_required_metadata ... ok
test test_ci_gate_excludes_advisory_and_secret_scan_jobs ... ok
test test_check_ci_gate_sh_and_mutants_aggregate_sh_have_no_bare_jq_invocations ... ok
test test_ci_gate_pass_fail_semantics_are_structurally_placed ... ok
test test_ci_yml_contains_no_non_lf_yaml_line_breaks ... ok
test test_ci_yml_workflow_level_env_key_set_is_pinned ... ok
test test_ci_yml_has_no_workflow_level_shell_override ... ok
test test_ci_gate_needs_partitions_all_ci_yml_jobs ... ok
test test_ci_yml_workflow_root_key_set_is_pinned ... ok
test test_ci_gate_step_invokes_check_ci_gate_script_with_needs_json ... ok
test test_clippy_job_guard_step_key_set_is_pinned ... ok
test test_contains_bare_jq_invocation_catches_command_introducers_and_process_substitution ... ok
test test_contains_bare_jq_invocation_catches_wrapper_introducers_and_quoted_relative_spellings ... ok
test test_mutants_aggregate_env_event_name_byte_pin ... ok
test test_mutants_aggregate_env_overall_diff_lines_byte_pin ... ok
test test_mutants_aggregate_env_mutant_count_byte_pin ... ok
test test_mutants_aggregate_env_key_set_is_pinned ... ok
test test_mutants_aggregate_env_shard_dir_byte_pin ... ok
test test_mutants_aggregate_env_escalated_byte_pin ... ok
test test_mutants_aggregate_env_plan_result_byte_pin ... ok
test test_mutants_aggregate_env_status_dir_byte_pin ... ok
test test_mutants_aggregate_eval_step_invokes_the_real_script ... ok
test test_mutants_aggregate_run_line_is_byte_pinned ... ok
test test_mutants_aggregate_expected_shards_matches_matrix_shard_count ... ok
test test_mutants_aggregate_needs_and_job_level_if ... ok
test test_mutants_aggregate_is_in_ci_gate_needs ... ok
test test_mutants_plan_compute_step_content_pin_rejects_diff_truncation_insertion ... ok
test test_mutants_aggregate_step_if_values_are_all_always ... ok
test test_allowed_skips_members_require_job_level_conditional_in_ci_yml ... ok
test test_mutants_plan_compute_step_content_pin_rejects_decoy_comment_forgery ... ok
test test_mutants_nightly_workflow_does_not_declare_a_job_named_ci_gate ... ok
test test_mutants_aggregate_job_block_has_no_node_properties ... ok
test test_mutants_plan_compute_step_run_body_is_byte_pinned ... ok
test test_mutants_plan_compute_step_content_is_pinned ... ok
test test_mutants_plan_job_structural_shape ... ok
test test_mutants_plan_job_and_step_key_sets_are_pinned ... ok
test test_mutants_shard_run_step_rejects_glob_loop_launder ... ok
test test_mutants_shard_job_and_step_key_sets_are_pinned ... ok
test test_mutants_shard_sentinel_run_step_rejects_outcomes_launder ... ok
test test_mutants_shard_run_step_rejects_trailing_outcomes_launder ... ok
test test_mutants_shard_job_structure_matches_sharded_design ... ok
test test_mutants_shard_run_step_rejects_variable_indirection_launder ... ok
test test_skip_tolerant_needs_members_matches_pinned_if_expressions ... ok
test test_mutants_shard_step_key_set_pin_rejects_injected_outcomes_rewrite_step ... ok
test test_mutants_plan_escalated_output_wired_to_step_output ... ok
test test_always_run_jobs_have_no_continue_on_error ... ok
test test_mutants_shard_upload_outcomes_pin_rejects_repointed_path ... ok
test test_always_run_jobs_have_pinned_complete_job_key_sets ... ok
test test_ci_gate_needs_jobs_have_no_job_level_if ... ok
test test_spec_guard_contains_mutants_aggregate_self_test_step ... ok
test test_mutants_shard_status_sentinel_uses_outcome_not_conclusion ... ok
test test_mutants_shard_run_step_content_is_pinned ... ok
test test_test_job_pipefail_bracket_ordering_is_position_constrained ... ok
test test_mutants_aggregate_if_exception_is_disjoint_and_tautological ... ok
test test_verify_test_job_has_zero_test_floor ... ok
test test_verify_msrv_job_pins_toolchain_and_rustup_toolchain_env ... ok
test test_test_job_guard_step_key_set_and_env_are_pinned ... ok
test test_spec_guard_contains_check_ci_gate_self_test_step ... ok
test test_this_file_test_count_matches_expected_denominator ... ok
test test_no_sibling_workflow_declares_a_job_named_ci_gate ... ok
test test_matrix_os_lists_remain_static_literals ... ok
test test_always_run_jobs_have_pinned_complete_step_key_sets ... ok
test test_ci_gate_decision_is_arity_independent_for_unlisted_skips ... ok
test test_ci_gate_decision_matches_job_level_if_for_every_needs_member ... ok

test result: ok. 101 passed; 0 failed; 0 ignored; 0 measured; 0 filtered out; finished in 1.32s

     Running tests/ci_yml_windows_matrix.rs (target/debug/deps/ci_yml_windows_matrix-05482219045ac8d0)

running 34 tests
test common::wf::tests::test_find_key_node_properties_detects_anchor_on_mapping_key ... ok
test common::wf::tests::test_find_key_node_properties_detects_anchor_nested_two_levels_deep ... ok
test common::wf::tests::test_find_key_node_properties_clean_mapping_returns_empty ... ok
test common::wf::tests::test_char_byte_table_multibyte_characters_diverge_from_char_index ... ok
test common::wf::tests::test_line_start_char_idx_recovers_via_col_not_rescan ... ok
test common::wf::tests::test_find_key_node_properties_detects_tag_on_mapping_key ... ok
test common::wf::tests::test_read_mapping_and_read_sequence_on_nested_structures ... ok
test common::wf::tests::test_parse_single_job_matches_whole_document_parse_for_same_job ... ok
test common::wf::tests::test_root_level_nested_keys_panics_on_duplicate_root_env_block - should panic ... ok
test common::wf::tests::test_skip_node_advances_past_alias ... ok
test common::wf::tests::test_root_level_nested_keys_succeeds_with_no_duplicates ... ok
test common::wf::tests::test_char_byte_table_ascii_only_is_identity ... ok
test common::wf::tests::test_parse_single_job_panics_on_multi_entry_root - should panic ... ok
test common::wf::tests::test_find_key_node_properties_panics_on_multi_document_stream - should panic ... ok
test common::wf::tests::test_wfdoc_parse_accepts_comment_only_stream_as_empty_result ... ok
test common::wf::tests::test_descend_as_mappings_panics_on_duplicate_key_within_final_level - should panic ... ok
test common::wf::tests::test_wfdoc_parse_accepts_empty_string_as_empty_result ... ok
test common::wf::tests::test_wfdoc_parse_accepts_single_implicit_document ... ok
test common::wf::tests::test_wfdoc_parse_accepts_single_explicit_document_marker ... ok
test common::wf::tests::test_wfdoc_parse_accepts_whitespace_only_stream_as_empty_result ... ok
test common::wf::tests::test_wfdoc_parse_job_spans_correct_across_multibyte_content ... ok
test common::wf::tests::test_wfdoc_parse_last_job_span_excludes_trailing_root_key ... ok
test common::wf::tests::test_wfdoc_parse_last_job_span_includes_full_trailing_block_scalar_when_jobs_is_last_root_key ... ok
test common::wf::tests::test_wfdoc_parse_panics_on_duplicate_root_jobs_key - should panic ... ok
test common::wf::tests::test_wfdoc_parse_panics_on_second_yaml_document - should panic ... ok
test test_gitattributes_has_snap_lf_rule ... ok
test test_cargo_config_toml_embeds_windows_stack_size ... ok
test common::wf::tests::test_wf_rs_test_count_matches_expected_denominator ... ok
test test_jr_isolated_helper_sets_jr_config_dir ... ok
test test_jr_isolated_scrub_list_includes_seam_vars ... ok
test test_ci_yml_has_windows_latest_in_test_matrix ... ok
test test_ci_yml_has_windows_latest_in_clippy_matrix ... ok
test test_ci_yml_fmt_deny_jobs_remain_ubuntu_only ... ok
test test_all_xdg_test_files_also_set_jr_seam_vars ... ok

test result: ok. 34 passed; 0 failed; 0 ignored; 0 measured; 0 filtered out; finished in 0.05s

     Running tests/claude_md_citations.rs (target/debug/deps/claude_md_citations-bf4f065e80635453)

running 61 tests
test test_citation_on_line_3_returns_exact_line_number ... ok
test test_comma_delimited_both_tokens_extracted ... ok
test test_extension_filter_excludes_extensionless_token ... ok
test test_factory_holdout_path_excluded_by_dir_prefix ... ok
test test_factory_prefix_excluded_by_dir_filter ... ok
test test_factory_research_path_excluded_by_dir_prefix ... ok
test test_bracket_wrapping_stripped ... ok
test test_balanced_paren_in_path_not_stripped_by_step_b5 ... ok
test test_crlf_line_endings_no_false_positive ... ok
test test_docs_path_is_in_scope ... ok
test test_env_var_excluded ... ok
test test_extension_filter_excludes_lock_extension ... ok
test test_factory_specs_path_excluded_by_dir_prefix ... ok
test test_fenced_code_block_path_excluded ... ok
test test_fixpoint_ec023_bracket_wrap ... ok
test test_dead_citation_detected_in_fixture ... ok
test test_fixpoint_ec025_double_paren_wrap ... ok
test test_fixpoint_ec026_paren_plus_line_ref ... ok
test test_fixpoint_ec027_line_ref_plus_comma ... ok
test test_fixpoint_ec028_symbol_plus_punct ... ok
test test_glob_brace_pattern_skipped ... ok
test test_glob_star_pattern_skipped ... ok
test test_home_path_excluded ... ok
test test_in_scope_docs_path_extracted ... ok
test test_in_scope_github_workflow_path_extracted ... ok
test test_in_scope_scripts_path_extracted ... ok
test test_in_scope_shell_script_extracted ... ok
test test_in_scope_tests_path_extracted ... ok
test test_in_scope_src_path_extracted ... ok
test test_in_scope_yaml_path_extracted ... ok
test test_leading_double_colon_token_excluded ... ok
test test_line_ref_bare_stripped_to_file ... ok
test test_line_ref_tilde_stripped_to_file ... ok
test test_nested_parens_stripped ... ok
test test_no_extension_excluded ... ok
test test_paren_wrapped_root_file_extracted ... ok
test test_paren_wrapping_stripped ... ok
test test_parent_dir_traversal_excluded ... ok
test test_render_dead_citation_message_matches_ci_cite_001 ... ok
test test_render_dead_citation_message_single_element ... ok
test test_root_file_build_rs_extracted ... ok
test test_root_file_cargo_toml_extracted ... ok
test test_root_file_changelog_md_extracted ... ok
test test_root_file_claude_md_extracted ... ok
test test_root_file_deny_toml_extracted ... ok
test test_root_file_readme_md_extracted ... ok
test test_root_file_rust_toolchain_toml_extracted ... ok
test test_section_ref_doc_path_extracted_section_excluded ... ok
test test_shorthand_adf_rs_excluded ... ok
test test_shorthand_ci_yml_excluded ... ok
test test_shorthand_fields_json_excluded ... ok
test test_shorthand_release_yml_excluded ... ok
test test_symbol_form_no_dir_prefix_excluded ... ok
test test_symbol_form_stripped_to_file ... ok
test test_trailing_punct_comma_trimmed ... ok
test test_two_dead_citations_both_listed ... ok
test test_type_name_excluded ... ok
test test_url_in_backticks_excluded ... ok
test proptests::test_non_prefix_tokens_are_never_extracted ... ok
test proptests::test_extract_never_panics ... ok
test test_claude_md_citations_resolve_to_real_files ... ok

test result: ok. 61 passed; 0 failed; 0 ignored; 0 measured; 0 filtered out; finished in 0.98s

     Running tests/cli_handler.rs (target/debug/deps/cli_handler-d6532e8bd266e004)

running 83 tests
test common::wf::tests::test_char_byte_table_multibyte_characters_diverge_from_char_index ... ok
test common::wf::tests::test_line_start_char_idx_recovers_via_col_not_rescan ... ok
test common::wf::tests::test_read_mapping_and_read_sequence_on_nested_structures ... ok
test common::wf::tests::test_root_level_nested_keys_succeeds_with_no_duplicates ... ok
test common::wf::tests::test_char_byte_table_ascii_only_is_identity ... ok
test common::wf::tests::test_find_key_node_properties_detects_anchor_nested_two_levels_deep ... ok
test common::wf::tests::test_find_key_node_properties_clean_mapping_returns_empty ... ok
test common::wf::tests::test_find_key_node_properties_detects_anchor_on_mapping_key ... ok
test common::wf::tests::test_find_key_node_properties_detects_tag_on_mapping_key ... ok
test common::wf::tests::test_descend_as_mappings_panics_on_duplicate_key_within_final_level - should panic ... ok
test common::wf::tests::test_parse_single_job_panics_on_multi_entry_root - should panic ... ok
test common::wf::tests::test_find_key_node_properties_panics_on_multi_document_stream - should panic ... ok
test common::wf::tests::test_wfdoc_parse_accepts_comment_only_stream_as_empty_result ... ok
test common::wf::tests::test_skip_node_advances_past_alias ... ok
test common::wf::tests::test_wfdoc_parse_accepts_empty_string_as_empty_result ... ok
test common::wf::tests::test_root_level_nested_keys_panics_on_duplicate_root_env_block - should panic ... ok
test common::wf::tests::test_parse_single_job_matches_whole_document_parse_for_same_job ... ok
test common::wf::tests::test_wfdoc_parse_accepts_whitespace_only_stream_as_empty_result ... ok
test common::wf::tests::test_wfdoc_parse_accepts_single_explicit_document_marker ... ok
test common::wf::tests::test_wfdoc_parse_accepts_single_implicit_document ... ok
test common::wf::tests::test_wfdoc_parse_job_spans_correct_across_multibyte_content ... ok
test common::wf::tests::test_wfdoc_parse_last_job_span_excludes_trailing_root_key ... ok
test common::wf::tests::test_wfdoc_parse_last_job_span_includes_full_trailing_block_scalar_when_jobs_is_last_root_key ... ok
test common::wf::tests::test_wfdoc_parse_panics_on_second_yaml_document - should panic ... ok
test common::wf::tests::test_wfdoc_parse_panics_on_duplicate_root_jobs_key - should panic ... ok
test common::wf::tests::test_wf_rs_test_count_matches_expected_denominator ... ok
test test_handler_api_error_response_body_to_stdout ... ok
test test_handler_api_custom_header_passes_through ... ok
test test_assign_user_substring_rejects_with_exit_64 ... ok
test test_handler_api_custom_content_type_overrides_default ... ok
test test_handler_api_path_normalization_missing_slash ... ok
test test_handler_api_output_json_flag_ignored ... ok
test test_edit_team_substring_rejects_under_no_input ... ok
test test_handler_api_401_returns_not_authenticated ... ok
test test_handler_api_get_success ... ok
test test_create_table_mode_outputs_to_stderr ... ok
test test_edit_team_uuid_pass_through_skips_cache_lookup ... ok
test test_edit_team_cold_cache_miss_avoids_stale_advice ... ok
test test_edit_team_auto_refresh_gives_up_after_one_retry ... ok
test test_handler_api_post_with_inline_data ... ok
test test_api_warns_on_429_retry_exhaustion ... ok
test test_handler_api_rejects_absolute_url ... ok
test test_handler_api_rejects_authorization_header ... ok
test test_edit_team_auto_refreshes_cache_on_miss ... ok
test test_handler_api_stdin_body ... ok
test test_handler_api_put_with_method_flag ... ok
test test_handler_api_stdout_byte_exact ... ok
test test_handler_assign_idempotent ... ok
test test_handler_assign_idempotent_with_name_search ... ok
test test_handler_assign_unassign ... ok
test test_handler_comment_internal_flag_adds_property ... ok
test test_handler_assign_with_account_id ... ok
test test_handler_assign_self ... ok
test test_handler_assign_to_me ... ok
test test_handler_comment_without_internal_omits_property ... ok
test test_handler_assign_with_to_name_search ... ok
test test_handler_comments_shows_visibility_column_for_jsm ... ok
test test_handler_comments_hides_visibility_column_for_non_jsm ... ok
test test_handler_create_basic ... ok
test test_handler_create_to_me ... ok
test test_handler_create_with_to_name_search ... ok
test test_handler_create_with_account_id ... ok
test test_handler_list_asset_name_no_match_errors ... ok
test test_handler_list_asset_key_passthrough_skips_assets_api ... ok
test test_handler_list_created_before ... ok
test test_handler_list_created_after ... ok
test test_handler_unassign_idempotent ... ok
test test_handler_list_asset_name_resolves_to_key ... ok
test test_list_omits_team_column_when_no_issue_has_team ... ok
test test_list_team_column_falls_back_to_uuid_when_cache_missing ... ok
test test_list_shows_team_column_with_cached_name ... ok
test test_parse_api_method_mixedcase_delete_dispatches_http_delete ... ok
test test_parse_api_method_lowercase_delete_dispatches_http_delete ... ok
test test_parse_api_method_uppercase_delete_dispatches_http_delete ... ok
test test_list_team_substring_rejects_with_exit_64 ... ok
test test_verbose_omits_body_line_for_get ... ok
test test_verbose_suppresses_request_body_for_put ... ok
test test_verbose_suppresses_request_body_for_send_raw ... ok
test test_send_warns_on_429_retry_exhaustion ... ok
test test_view_omits_team_row_when_field_unconfigured ... ok
test test_view_renders_team_uuid_fallback_when_not_cached ... ok
test test_view_omits_team_row_when_field_absent_from_response ... ok
test test_view_renders_team_name_when_cached ... ok

test result: ok. 83 passed; 0 failed; 0 ignored; 0 measured; 0 filtered out; finished in 0.08s

     Running tests/cli_smoke.rs (target/debug/deps/cli_smoke-eeb9c1a92066023e)

running 56 tests
test test_bc_3_5_012_comment_edit_allows_leading_dash_body ... ok
test test_bc_3_5_012_comment_add_allows_leading_dash_body ... ok
test test_bc_3_5_012_comment_list_token_emits_plural_hint ... ok
test test_assign_to_and_unassign_conflict ... ok
test test_bc_3_5_011_edit_internal_and_public_both_exit_2 ... ok
test test_assets_tickets_open_and_status_conflict ... ok
test test_assets_types_help ... ok
test test_bc_3_5_009_ec4_edit_stdin_and_positional_exit_2 ... ok
test test_bc_3_5_009_ec2_edit_file_and_stdin_exit_2 ... ok
test test_assets_view_help ... ok
test test_bc_3_5_012_bare_comment_emits_clap_listing_not_custom_hint ... ok
test test_comment_flag_markdown_not_absorbed_as_positional_message ... ok
test test_comment_flag_stdin_not_absorbed_as_positional_message ... ok
test test_comment_flag_stdin_with_output_json_not_absorbed_as_positional_message ... ok
test test_comment_message_leading_dash_value_accepted ... ok
test test_comment_message_leading_dash_followed_by_flag_does_not_swallow_flag ... ok
test test_bc_3_5_009_ec3_edit_file_and_positional_exit_2 ... ok
test test_comment_real_dash_message_with_markdown_flag_both_bind_correctly ... ok
test test_bc_3_5_012_global_flag_before_comment_uses_context_interception ... ok
test test_assets_schemas_help ... ok
test test_assign_to_and_account_id_conflict ... ok
test test_create_description_leading_dash_value_accepted ... ok
test test_assign_account_id_and_unassign_conflict ... ok
test test_create_summary_leading_dash_value_accepted ... ok
test test_create_description_double_dash_prefix_accepted ... ok
test test_create_description_single_dash_accepted ... ok
test test_edit_description_leading_dash_value_accepted ... ok
test test_edit_summary_leading_dash_value_accepted ... ok
test test_bc_3_5_012_non_comment_invalid_subcommand_no_migration_hint ... ok
test test_assets_schema_help ... ok
test test_bc_3_5_012_comment_ls_mixed_case_emits_plural_hint ... ok
test test_board_view_all_and_limit_conflict ... ok
test test_create_description_and_description_stdin_conflict ... ok
test test_create_description_leading_dash_and_description_stdin_still_conflict ... ok
test test_bc_3_5_012_old_flat_comment_form_exits_2_with_migration_hint ... ok
test test_edit_description_leading_dash_and_description_stdin_still_conflict ... ok
test test_edit_description_and_description_stdin_conflict ... ok
test test_create_to_and_account_id_conflict ... ok
test test_issue_list_created_after_and_recent_conflict ... ok
test test_edit_points_and_no_points_conflict ... ok
test test_issue_list_open_and_status_conflict ... ok
test test_help_flag ... ok
test test_remote_link_title_leading_dash_value_accepted ... ok
test test_worklog_add_message_before_duration_leading_dash_accepted ... ok
test test_worklog_add_message_leading_dash_value_accepted ... ok
test test_issue_list_all_and_limit_conflict ... ok
test test_project_list_all_and_limit_conflict ... ok
test test_no_args_shows_help ... ok
test test_queue_list_help ... ok
test test_sprint_add_requires_sprint_or_current ... ok
test test_queue_view_help ... ok
test test_sprint_add_help ... ok
test test_version_flag ... ok
test test_sprint_current_all_and_limit_conflict ... ok
test test_sprint_add_sprint_and_current_conflict ... ok
test test_sprint_remove_help ... ok

test result: ok. 56 passed; 0 failed; 0 ignored; 0 measured; 0 filtered out; finished in 0.05s

     Running tests/cloud_id_tenant_info.rs (target/debug/deps/cloud_id_tenant_info-a2e2f64d376607bd)

running 18 tests
test test_login_token_persists_explicit_cloud_id_override_e2e ... ignored, requires keyring backend; set JR_RUN_KEYRING_TESTS=1 to run
test test_login_token_soft_fails_and_still_succeeds_on_fetch_failure ... ignored, requires keyring backend; set JR_RUN_KEYRING_TESTS=1 to run
test test_refresh_credentials_on_api_token_profile_still_succeeds_with_non_https_url ... ignored, requires keyring backend; set JR_RUN_KEYRING_TESTS=1 to run
test test_fetch_cloud_id_makes_zero_requests_for_http_scheme ... ok
test test_fetch_cloud_id_makes_zero_requests_for_scheme_less_url ... ok
test test_fetch_cloud_id_soft_fails_on_connection_refused ... ok
test test_fetch_cloud_id_soft_fails_on_body_one_byte_over_cap ... ok
test test_fetch_cloud_id_success_parses_cloud_id_and_ignores_unknown_fields ... ok
test test_fetch_cloud_id_succeeds_on_body_exactly_at_cap ... ok
test test_fetch_cloud_id_soft_fails_on_whitespace_cloud_id_field ... ok
test test_fetch_cloud_id_request_path_has_no_query_string ... ok
test test_fetch_cloud_id_sends_no_authorization_header ... ok
test test_fetch_cloud_id_soft_fails_on_unresolvable_host ... ok
test test_fetch_cloud_id_soft_fails_on_empty_cloud_id_field ... ok
test test_fetch_cloud_id_soft_fails_on_missing_cloud_id_field ... ok
test test_fetch_cloud_id_soft_fails_on_oversized_response_body ... ok
test test_fetch_cloud_id_soft_fails_on_404 ... ok
test test_fetch_cloud_id_does_not_follow_redirect ... ok

test result: ok. 15 passed; 0 failed; 3 ignored; 0 measured; 0 filtered out; finished in 0.09s

     Running tests/cmdb_fields.rs (target/debug/deps/cmdb_fields-e51f93fb198e71ce)

running 31 tests
test common::wf::tests::test_line_start_char_idx_recovers_via_col_not_rescan ... ok
test common::wf::tests::test_char_byte_table_ascii_only_is_identity ... ok
test common::wf::tests::test_char_byte_table_multibyte_characters_diverge_from_char_index ... ok
test common::wf::tests::test_skip_node_advances_past_alias ... ok
test common::wf::tests::test_find_key_node_properties_detects_anchor_on_mapping_key ... ok
test common::wf::tests::test_wfdoc_parse_accepts_comment_only_stream_as_empty_result ... ok
test common::wf::tests::test_read_mapping_and_read_sequence_on_nested_structures ... ok
test common::wf::tests::test_root_level_nested_keys_succeeds_with_no_duplicates ... ok
test common::wf::tests::test_find_key_node_properties_detects_tag_on_mapping_key ... ok
test common::wf::tests::test_find_key_node_properties_detects_anchor_nested_two_levels_deep ... ok
test common::wf::tests::test_find_key_node_properties_clean_mapping_returns_empty ... ok
test common::wf::tests::test_wfdoc_parse_accepts_empty_string_as_empty_result ... ok
test common::wf::tests::test_wfdoc_parse_accepts_single_explicit_document_marker ... ok
test common::wf::tests::test_wfdoc_parse_accepts_whitespace_only_stream_as_empty_result ... ok
test common::wf::tests::test_wfdoc_parse_accepts_single_implicit_document ... ok
test common::wf::tests::test_parse_single_job_matches_whole_document_parse_for_same_job ... ok
test common::wf::tests::test_wfdoc_parse_job_spans_correct_across_multibyte_content ... ok
test common::wf::tests::test_wfdoc_parse_last_job_span_excludes_trailing_root_key ... ok
test common::wf::tests::test_wfdoc_parse_last_job_span_includes_full_trailing_block_scalar_when_jobs_is_last_root_key ... ok
test common::wf::tests::test_wfdoc_parse_panics_on_second_yaml_document - should panic ... ok
test common::wf::tests::test_find_key_node_properties_panics_on_multi_document_stream - should panic ... ok
test common::wf::tests::test_wfdoc_parse_panics_on_duplicate_root_jobs_key - should panic ... ok
test common::wf::tests::test_descend_as_mappings_panics_on_duplicate_key_within_final_level - should panic ... ok
test common::wf::tests::test_root_level_nested_keys_panics_on_duplicate_root_env_block - should panic ... ok
test common::wf::tests::test_parse_single_job_panics_on_multi_entry_root - should panic ... ok
test common::wf::tests::test_wf_rs_test_count_matches_expected_denominator ... ok
test enrichment_resolves_ids_to_names ... ok
test issue_with_null_cmdb_field ... ok
test discover_cmdb_field_ids_empty ... ok
test discover_cmdb_field_ids ... ok
test issue_with_modern_cmdb_fields ... ok

test result: ok. 31 passed; 0 failed; 0 ignored; 0 measured; 0 filtered out; finished in 0.01s

     Running tests/comment_crud_api.rs (target/debug/deps/comment_crud_api-d263efb805821492)

running 6 tests
test test_delete_comment_204_returns_ok ... ok
test test_delete_comment_encodes_key_with_space_in_url ... ok
test test_update_comment_body_only_no_properties_key ... ok
test test_update_comment_public_properties_wire_shape ... ok
test test_get_comment_sends_expand_properties_query_param ... ok
test test_update_comment_internal_properties_wire_shape ... ok

test result: ok. 6 passed; 0 failed; 0 ignored; 0 measured; 0 filtered out; finished in 0.01s

     Running tests/comment_delete.rs (target/debug/deps/comment_delete-88daeaab7bf30f6b)

running 10 tests
test test_bc_3_5_003_interactive_cancel_json_key_set ... ok
test test_bc_3_5_002_ec2_delete_key_url_encoding ... ok
test test_bc_3_5_003_interactive_confirm_y_sends_delete ... ok
test test_bc_3_5_002_delete_204_human_output_yes ... ok
test test_bc_3_5_003_no_input_without_yes_exits_64_no_delete ... ok
test test_bc_3_5_004_delete_404_exits_64_with_body ... ok
test test_bc_3_5_002_delete_204_json_output_key_set ... ok
test test_bc_3_5_002_ec1_delete_invalid_id_regex_exits_64 ... ok
test test_bc_3_5_003_ec3_delete_prompt_eof_exits_130 ... ok
test test_bc_3_5_004_delete_500_exits_1_not_64 ... ok

test result: ok. 10 passed; 0 failed; 0 ignored; 0 measured; 0 filtered out; finished in 0.04s

     Running tests/comment_edit.rs (target/debug/deps/comment_edit-4062fb1ac9a9916a)

running 27 tests
test test_bc_3_5_002_ec1_edit_invalid_id_regex_exits_64 ... ok
test test_bc_3_5_005_edit_500_exits_1_not_64 ... ok
test test_bc_3_5_008_ec4_yes_without_public_runtime_probe_exit64 ... ok
test test_bc_3_5_007_public_puts_properties_false ... ok
test test_bc_3_5_006_internal_puts_properties_true ... ok
test test_bc_3_5_008_ec5_public_prompt_eof_exits_130 ... ok
test test_bc_3_5_005_put_404_exits_64_with_dual_stderr ... ok
test test_bc_3_5_008_ec4_yes_without_public_is_silent_noop ... ok
test test_bc_3_5_006_changed_fields_jsm_internal_true ... ok
test test_bc_3_5_005_edit_changed_fields_body_is_raw_pre_trim ... ok
test test_bc_3_5_005_ec1_put_request_has_only_body_key ... ok
test test_bc_3_5_006_jsdcloud_hint_appears_on_internal ... ok
test test_bc_3_5_008_public_interactive_cancel_json_key_set ... ok
test test_bc_3_5_008_public_no_input_without_yes_exits_64 ... ok
test test_bc_3_5_007_jsdcloud_hint_appears_on_public_yes ... ok
test test_bc_3_5_008_ec3_stdin_without_yes_public_exits_64 ... ok
test test_bc_3_5_007_changed_fields_jsm_internal_false ... ok
test test_bc_3_5_005_jsm_internal_absent_in_default_path ... ok
test test_bc_3_5_009_ec1_file_not_found_exits_64 ... ok
test test_bc_3_5_009_ec5_empty_whitespace_body_exits_64 ... ok
test test_bc_3_5_011_internal_and_public_clap_exit_2 ... ok
test test_bc_3_5_009_no_body_source_exits_64 ... ok
test test_bc_3_5_009_edit_file_body_source ... ok
test test_bc_3_5_009_edit_stdin_body_source ... ok
test test_bc_3_5_009_edit_markdown_source ... ok
test test_bc_3_5_008_public_interactive_yes_proceeds ... ok
test test_bc_3_5_005_edit_response_exact_key_set ... ok

test result: ok. 27 passed; 0 failed; 0 ignored; 0 measured; 0 filtered out; finished in 0.13s

     Running tests/comment_view.rs (target/debug/deps/comment_view-f9a063ecd7df3203)

running 16 tests
test test_bc_3_5_002_ec1_view_invalid_id_regex_exits_64 ... ok
test test_bc_3_5_010_body_rendered_with_blank_line_separator ... ok
test test_bc_3_5_010_404_exits_64_with_body_surface ... ok
test test_bc_3_5_010_jsm_internal_yes_when_internal_true ... ok
test test_bc_3_5_010_view_500_exits_1_not_64 ... ok
test test_bc_3_5_010_restricted_ladder_rung_d ... ok
test test_bc_3_5_010_restricted_ladder_rung_b ... ok
test test_bc_3_5_010_degraded_fixture_fallback_tokens ... ok
test test_bc_3_5_010_restricted_ladder_rung_a ... ok
test test_bc_3_5_010_body_absent_empty_block_stdout_ends_restricted_none ... ok
test test_bc_3_5_010_restricted_ladder_rung_c ... ok
test test_bc_3_5_010_jsm_internal_na_when_no_properties ... ok
test test_bc_3_5_010_ec1_json_output_passthrough ... ok
test test_bc_3_5_010_jsm_internal_no_when_internal_false ... ok
test test_bc_3_5_010_ec2a_deep_json_parse_error_exits_1 ... ok
test test_bc_3_5_010_view_human_render_all_seven_fields ... ok

test result: ok. 16 passed; 0 failed; 0 ignored; 0 measured; 0 filtered out; finished in 0.03s

     Running tests/comments.rs (target/debug/deps/comments-58a443828435dc53)

running 38 tests
test common::wf::tests::test_line_start_char_idx_recovers_via_col_not_rescan ... ok
test common::wf::tests::test_char_byte_table_ascii_only_is_identity ... ok
test common::wf::tests::test_find_key_node_properties_detects_anchor_on_mapping_key ... ok
test common::wf::tests::test_find_key_node_properties_detects_anchor_nested_two_levels_deep ... ok
test common::wf::tests::test_find_key_node_properties_detects_tag_on_mapping_key ... ok
test common::wf::tests::test_char_byte_table_multibyte_characters_diverge_from_char_index ... ok
test common::wf::tests::test_find_key_node_properties_clean_mapping_returns_empty ... ok
test common::wf::tests::test_read_mapping_and_read_sequence_on_nested_structures ... ok
test common::wf::tests::test_root_level_nested_keys_succeeds_with_no_duplicates ... ok
test common::wf::tests::test_skip_node_advances_past_alias ... ok
test common::wf::tests::test_root_level_nested_keys_panics_on_duplicate_root_env_block - should panic ... ok
test common::wf::tests::test_parse_single_job_matches_whole_document_parse_for_same_job ... ok
test common::wf::tests::test_find_key_node_properties_panics_on_multi_document_stream - should panic ... ok
test common::wf::tests::test_parse_single_job_panics_on_multi_entry_root - should panic ... ok
test common::wf::tests::test_wfdoc_parse_accepts_comment_only_stream_as_empty_result ... ok
test common::wf::tests::test_descend_as_mappings_panics_on_duplicate_key_within_final_level - should panic ... ok
test common::wf::tests::test_wfdoc_parse_accepts_empty_string_as_empty_result ... ok
test common::wf::tests::test_wfdoc_parse_accepts_single_explicit_document_marker ... ok
test common::wf::tests::test_wfdoc_parse_accepts_whitespace_only_stream_as_empty_result ... ok
test common::wf::tests::test_wfdoc_parse_accepts_single_implicit_document ... ok
test common::wf::tests::test_wfdoc_parse_job_spans_correct_across_multibyte_content ... ok
test common::wf::tests::test_wfdoc_parse_last_job_span_excludes_trailing_root_key ... ok
test common::wf::tests::test_wfdoc_parse_last_job_span_includes_full_trailing_block_scalar_when_jobs_is_last_root_key ... ok
test common::wf::tests::test_wfdoc_parse_panics_on_second_yaml_document - should panic ... ok
test common::wf::tests::test_wfdoc_parse_panics_on_duplicate_root_jobs_key - should panic ... ok
test common::wf::tests::test_wf_rs_test_count_matches_expected_denominator ... ok
test test_list_comments_stall_guard_returns_error_when_start_at_does_not_advance ... ok
test test_list_comments_stall_guard_terminates_within_bounded_time ... ok
test list_comments_empty ... ok
test list_comments_with_limit ... ok
test list_comments_returns_all_comments ... ok
test test_list_comments_paginates_correctly_when_offset_advances ... ok
test list_comments_paginated ... ok
test issue_comments_network_drop_surfaces_reach_error ... ok
test comments_parse_failure_silent_without_verbose ... ok
test issue_comments_unauthorized_dispatches_reauth_message ... ok
test comments_verbose_logs_parse_failure_once ... ok
test issue_comments_server_error_surfaces_friendly_message ... ok

test result: ok. 38 passed; 0 failed; 0 ignored; 0 measured; 0 filtered out; finished in 0.03s

     Running tests/component_commands.rs (target/debug/deps/component_commands-7235393522cd74f6)

running 146 tests
test common::wf::tests::test_line_start_char_idx_recovers_via_col_not_rescan ... ok
test common::wf::tests::test_char_byte_table_ascii_only_is_identity ... ok
test common::wf::tests::test_char_byte_table_multibyte_characters_diverge_from_char_index ... ok
test common::wf::tests::test_wfdoc_parse_accepts_empty_string_as_empty_result ... ok
test common::wf::tests::test_wfdoc_parse_accepts_comment_only_stream_as_empty_result ... ok
test common::wf::tests::test_root_level_nested_keys_succeeds_with_no_duplicates ... ok
test common::wf::tests::test_find_key_node_properties_detects_anchor_on_mapping_key ... ok
test common::wf::tests::test_find_key_node_properties_detects_anchor_nested_two_levels_deep ... ok
test common::wf::tests::test_wfdoc_parse_accepts_single_explicit_document_marker ... ok
test common::wf::tests::test_wfdoc_parse_accepts_single_implicit_document ... ok
test common::wf::tests::test_find_key_node_properties_detects_tag_on_mapping_key ... ok
test common::wf::tests::test_read_mapping_and_read_sequence_on_nested_structures ... ok
test common::wf::tests::test_skip_node_advances_past_alias ... ok
test common::wf::tests::test_find_key_node_properties_clean_mapping_returns_empty ... ok
test common::wf::tests::test_wfdoc_parse_accepts_whitespace_only_stream_as_empty_result ... ok
test common::wf::tests::test_wfdoc_parse_job_spans_correct_across_multibyte_content ... ok
test common::wf::tests::test_wfdoc_parse_last_job_span_excludes_trailing_root_key ... ok
test common::wf::tests::test_parse_single_job_matches_whole_document_parse_for_same_job ... ok
test common::wf::tests::test_wfdoc_parse_last_job_span_includes_full_trailing_block_scalar_when_jobs_is_last_root_key ... ok
test common::wf::tests::test_parse_single_job_panics_on_multi_entry_root - should panic ... ok
test common::wf::tests::test_find_key_node_properties_panics_on_multi_document_stream - should panic ... ok
test common::wf::tests::test_descend_as_mappings_panics_on_duplicate_key_within_final_level - should panic ... ok
test common::wf::tests::test_wfdoc_parse_panics_on_duplicate_root_jobs_key - should panic ... ok
test common::wf::tests::test_root_level_nested_keys_panics_on_duplicate_root_env_block - should panic ... ok
test common::wf::tests::test_wfdoc_parse_panics_on_second_yaml_document - should panic ... ok
test common::wf::tests::test_wf_rs_test_count_matches_expected_denominator ... ok
test test_bc_8_1_001_component_list_honors_global_project_flag ... ok
test test_bc_8_1_002_component_list_json_null_fields_present_not_dropped ... ok
test test_bc_8_1_002_component_list_json_populated_project_round_trips ... ok
test test_bc_8_1_001_component_list_table_columns_and_dash_for_absent ... ok
test test_bc_8_1_001_component_list_empty_project_exits_zero ... ok
test test_bc_8_1_001_component_list_falls_back_to_configured_project ... ok
test test_bc_8_1_002_component_list_json_full_object_array ... ok
test test_bc_8_1_003_component_list_counts_noop_on_empty_project ... ok
test test_bc_8_1_003_component_list_counts_fail_soft_json_null_for_failed ... ok
test test_adr_0018_component_edit_failed_does_not_invalidate_cache ... ok
test test_bc_8_1_003_component_list_counts_json_has_issue_count_field ... ok
test test_bc_8_1_003_component_list_counts_issues_one_get_per_component ... ok
test test_bc_8_1_003_component_list_counts_fail_soft_on_one_5xx ... ok
test test_bc_8_1_002_component_list_json_empty_array ... ok
test test_bc_8_1_003_counts_json_is_superset_of_plain_json_fields ... ok
test test_bc_8_1_005_component_create_bad_assignee_type_exits_2 ... ok
test test_bc_8_1_005_component_create_no_project_exits_64_not_clap_exit_2 ... ok
test test_bc_8_1_005_assignee_type_unassigned_accepted_and_wired ... ok
test test_bc_8_1_005_component_create_minimal_body ... ok
test test_bc_8_1_005_assignee_type_project_lead_accepted_and_wired ... ok
test test_bc_8_1_004_component_list_no_project_no_config_exits_64 ... ok
test test_bc_8_1_005_component_create_all_optional_fields_present ... ok
test test_bc_8_1_005_component_create_name_collision_400_surfaced ... ok
test test_adr_0018_component_create_and_edit_invalidate_cache ... ok
test test_bc_8_1_005_assignee_type_component_lead_accepted_and_wired ... ok
test test_bc_8_1_005_component_create_honors_global_project_flag ... ok
test test_bc_8_1_005_assignee_type_project_default_accepted_and_wired ... ok
test test_bc_8_1_004_component_edit_numeric_id_exemption_vs_name_requires_project ... ok
test test_bc_8_1_006_component_create_empty_lead_exits_64_zero_post ... ok
test test_bc_8_1_005_component_create_omits_absent_optional_keys ... ok
test test_bc_8_1_005_component_create_hyphen_leading_name ... ok
test test_bc_8_1_006_component_edit_lead_ambiguous_zero_put ... ok
test test_bc_8_1_007_component_edit_honors_global_project_flag ... ok
test test_bc_8_1_007_component_edit_name_input_no_fields_zero_http ... ok
test test_bc_8_1_007_component_edit_name_collision_400_surfaced ... ok
test test_bc_8_1_007_component_edit_hyphen_leading_new_name ... ok
test test_bc_8_1_007_component_edit_numeric_missing_project_field_fails_closed ... ok
test test_bc_8_1_007_component_edit_numeric_project_mismatch_zero_put ... ok
test test_bc_8_1_006_component_create_lead_ambiguous_and_no_match_zero_post ... ok
test test_bc_8_1_006_component_edit_lead_no_match_zero_put ... ok
test test_bc_8_1_007_component_edit_put_race_404_exits_1_distinct_from_resolver_404 ... ok
test test_bc_8_1_007_component_edit_numeric_input_no_fields_zero_http ... ok
test test_bc_8_1_007_component_edit_lead_empty_string_clears_vs_omitted ... ok
test test_bc_8_2_001_component_delete_both_flags_clap_exit_2 ... ok
test test_bc_8_1_005_component_create_success_output_both_modes ... ok
test test_bc_8_1_008_component_edit_numeric_notfound_config_project_qualified ... ok
test test_bc_8_1_007_component_edit_numeric_project_case_insensitive_match_proceeds ... ok
test test_bc_8_1_007_component_edit_put_contains_only_supplied_fields ... ok
test test_bc_8_1_007_component_edit_numeric_derives_project_for_lead_resolution ... ok
test test_bc_8_2_001_component_delete_numeric_no_disposition_asymmetry ... ok
test test_bc_8_2_001_component_delete_neither_flag_exits_64_zero_http ... ok
test test_bc_8_2_001_component_delete_name_notfound_before_disposition_guard ... ok
test test_bc_8_1_008_component_edit_name_notfound_and_ambiguous_messages ... ok
test test_bc_8_2_002_component_delete_move_to_numeric_target_project_mismatch ... ok
test test_bc_8_2_002_component_delete_numeric_source_missing_project_field_fail_closed_move_to ... ok
test test_bc_8_2_002_component_delete_numeric_source_missing_project_field_fail_closed_orphan ... ok
test test_bc_8_1_008_component_edit_numeric_notfound_message_variants ... ok
test test_bc_8_2_002_component_delete_numeric_source_project_mismatch_move_to ... ok
test test_bc_8_2_002_component_delete_move_to_success_delete_after_resolution ... ok
test test_bc_8_2_002_component_delete_honors_global_project_flag ... ok
test test_bc_8_2_002_component_delete_numeric_source_project_mismatch_orphan ... ok
test test_bc_8_2_003_component_delete_move_to_never_spans_projects ... ok
test test_bc_8_2_006_component_delete_orphan_zero_affected_issues_still_prompts ... ok
test test_bc_8_2_006_component_delete_move_to_never_prompts ... ok
test test_bc_8_2_004_component_delete_move_to_unknown_ambiguous_zero_delete ... ok
test test_bc_8_1_007_component_edit_success_output_json_shape ... ok
test test_bc_8_2_008_component_delete_move_to_target_race_404_exits_1 ... ok
test test_bc_8_2_007_component_delete_snapshot_jql_uses_resolved_id_not_name ... ok
test test_bc_8_3_001_component_rename_honors_global_project_flag ... ok
test test_bc_8_2_005_component_delete_self_move_guard_name_and_numeric ... ok
test test_bc_8_2_007_component_delete_snapshot_paginates_to_completion ... ok
test test_bc_8_3_001_component_rename_no_config_fallback_for_project_neither_guard_still_fires ... ok
test test_bc_8_2_007_component_delete_snapshot_drift_and_fetch_error_fail_closed ... ok
test test_bc_8_2_006_component_delete_orphan_noninteractive_requires_yes_real_count ... ok
test test_bc_8_3_001_component_rename_numeric_no_project_field_fails_closed ... ok
test test_bc_8_2_006_component_delete_orphan_interactive_prompt_decline_and_confirm ... ok
test test_bc_8_3_001_component_rename_numeric_cache_invalidation_uses_derived_project_key ... ok
test test_bc_8_3_001_component_rename_numeric_notfound_always_project_qualified ... ok
test test_bc_8_2_008_component_delete_resolver_notfound_vs_delete_race_exit_code_divergence ... ok
test test_bc_8_3_001_component_rename_single_project_name_not_found_exit_64 ... ok
test test_bc_8_3_001_component_rename_numeric_old_project_mismatch ... ok
test test_bc_8_3_001_component_rename_single_project_name_ambiguous_exit_64 ... ok
test test_bc_8_3_001_component_rename_put_race_404_exits_1_distinct_from_resolver_404 ... ok
test test_bc_8_3_001_component_rename_success_json_shape ... ok
test test_bc_8_3_002_component_rename_all_projects_discovery_phase_error_aborts_fanout_zero_put ... ok
test test_bc_8_3_001_component_rename_numeric_success_json_project_echoes_flag_value_not_canonical ... ok
test test_bc_8_3_001_component_rename_single_project_put_body ... ok
test test_bc_8_3_001_component_rename_single_project_name_exact_multiple_exit_64 ... ok
test test_bc_8_3_002_component_rename_all_projects_numeric_old_rejected_zero_http ... ok
test test_bc_8_3_002_component_rename_all_projects_exact_equality_not_substring ... ok
test test_bc_8_2_007_component_delete_snapshot_fires_only_after_disposition_cleared ... ok
test test_bc_8_3_002_component_rename_all_projects_intra_project_duplicate_fails_closed_not_first_picked ... ok
test test_bc_8_3_003_component_rename_all_projects_retry_hint_quotes_space_containing_name ... ok
test test_bc_8_3_004_component_rename_dry_run_all_projects_surfaces_ambiguous_as_would_fail_json ... ok
test test_bc_8_3_004_component_rename_dry_run_all_projects_zero_matches_exits_64_json ... ok
test test_bc_8_3_004_component_rename_dry_run_all_projects_surfaces_ambiguous_as_would_fail_table ... ok
test test_bc_8_3_004_component_rename_dry_run_all_projects_zero_matches_exits_64_table ... ok
test test_bc_8_3_003_component_rename_all_projects_partial_failure_no_rollback ... ok
test test_bc_8_3_003_component_rename_all_projects_partial_failure_table_mode ... ok
test test_bc_8_3_004_component_rename_dry_run_numeric_old_rejection_precedes_preview ... ok
test test_bc_8_3_002_component_rename_all_projects_zero_matches_exits_64_not_found ... ok
test test_bc_8_3_005_component_rename_global_position_project_all_projects_conflict_exit_64 ... ok
test test_bc_8_3_004_component_rename_dry_run_single_project_table_mode ... ok
test test_bc_8_3_004_component_rename_numeric_old_single_project_dry_run_zero_mutation ... ok
test test_delete_component_percent_encodes_ids_in_url ... ok
test test_bc_8_3_006_component_rename_case_only_single_project_not_skipped ... ok
test test_bc_8_2_008_component_delete_success_json_shape_matches_snapshot ... ok
test test_bc_8_3_007_component_rename_name_collision_verbatim_400 ... ok
test test_bc_8_3_004_component_rename_dry_run_all_projects_table_mode ... ok
test test_bc_8_3_006_component_rename_case_only_all_projects_both_renamed ... ok
test test_bc_8_4_004_resolve_component_never_spans_projects ... ok
test test_bc_8_3_002_component_rename_all_projects_scale_no_new_rate_limit_logic ... ok
test test_bc_8_3_005_component_rename_scope_selection_clap_conflict_and_app_guard ... ok
test test_bc_x_10_003_component_edit_exact_multiple_fails_closed ... ok
test test_bc_8_3_004_component_rename_dry_run_zero_mutation_both_scopes ... ok
test test_ec_8_2_006_3_component_delete_orphan_no_input_flag_parity ... ok
test test_ec_8_2_006_1_component_delete_orphan_yes_bypasses_prompt_on_tty ... ok
test test_vp_component_001_plain_list_issues_zero_related_issue_counts_gets ... ok
test test_bc_8_3_004_component_rename_dry_run_discovery_scope_matches_live ... ok
test test_bc_8_3_003_component_rename_all_projects_exit_code_reflects_any_failure ... ok

test result: ok. 146 passed; 0 failed; 0 ignored; 0 measured; 0 filtered out; finished in 0.16s

     Running tests/config_dir_release_gate.rs (target/debug/deps/config_dir_release_gate-713d1db863b159a4)
